AcctNumber,OpenDate,AcctStatus,StatusDate,CloseDate,CurrentBalance,ProductCode
1000001,2001-09-05,Open,1981-08-18,,"273,066.42",LOC
1000002,1994-02-12,Closed,1961-01-21,2019-03-23,"980,115.84",LOC
1000003,1974-09-20,Open,1957-10-04,,"245,059.55",DDA
1000004,1998-07-12,Closed,1955-01-26,2002-02-09,"916,750.86",REA
1000005,2003-10-20,Closed,2018-07-19,2013-08-05,"611,394.82",RSV
1000006,1969-12-06,Open,2009-12-30,,"797,193.83",DDA
1000007,1974-12-19,Closed,2006-01-14,1977-06-14,"270,073.17",REA
1000008,2005-05-23,Open,1974-03-26,,"88,476.99",LOC
1000009,1992-10-15,Closed,2010-10-11,1993-01-29,"975,383.28",REA
1000010,1950-10-15,Closed,1994-05-21,1973-07-17,"725,947.67",LOC
1000011,1984-03-27,Closed,1970-09-07,2004-05-21,"112,112.84",LOC
1000012,1982-08-16,Closed,1980-02-16,1989-02-07,"901,674.22",LOC
1000013,2010-09-21,Closed,1950-08-08,2026-08-19,"246,292.09",LOC
1000014,1992-03-06,Closed,1950-03-29,2018-10-27,"858,167.02",RSV
1000015,1985-05-21,Open,1987-04-18,,"434,764.67",RSV
1000016,1959-07-06,Closed,2013-12-12,1973-10-11,"915,078.48",REA
1000017,2016-08-15,Closed,1992-09-15,2026-05-17,"115,598.82",RSV
1000018,1990-08-28,Open,1962-11-02,,"21,279.23",REA
1000019,1962-07-06,Open,1988-10-03,,"294,105.52",REA
1000020,1995-03-01,Open,1976-02-26,,"123,390.90",REA
1000021,1959-07-09,Closed,1968-10-18,1986-11-19,"341,580.81",RSV
1000022,1988-10-12,Open,1953-09-16,,"764,116.81",LOC
1000023,2006-01-09,Open,1959-11-05,,"375,816.59",LOC
1000024,1983-05-17,Open,1968-05-08,,"977,343.67",LOC
1000025,2017-11-27,Open,2008-08-05,,"570,221.88",DDA
1000026,2016-02-20,Closed,1993-01-12,2028-04-13,"597,697.12",DDA
1000027,1970-10-16,Open,1975-09-09,,"18,380.69",RSV
1000028,1953-07-03,Open,2006-06-28,,"679,065.82",DDA
1000029,1967-01-19,Closed,2015-06-11,1972-02-29,"419,937.56",DDA
1000030,1984-05-25,Open,2018-12-03,,"355,170.45",LOC
1000031,1975-08-01,Closed,1952-04-15,1993-08-05,"358,547.30",REA
1000032,2005-02-25,Open,1952-01-16,,"474,142.02",REA
1000033,1991-11-29,Closed,1993-04-19,2008-12-11,"22,124.77",LOC
1000034,1993-04-05,Open,2006-10-13,,"491,793.72",RSV
1000035,1981-06-02,Open,1956-01-05,,"744,068.28",RSV
1000036,2012-10-26,Open,1968-02-20,,"413,155.11",RSV
1000037,1965-12-12,Closed,2003-09-12,1972-12-14,"966,989.12",REA
1000038,1960-03-29,Open,2017-07-02,,"309,839.65",DDA
1000039,2001-05-13,Closed,1969-06-06,2005-09-18,"128,368.75",LOC
1000040,1951-02-17,Open,2001-05-16,,"20,407.00",LOC
1000041,1976-07-27,Open,1994-01-22,,"680,973.25",REA
1000042,1992-01-24,Open,1958-08-01,,"543,379.82",REA
1000043,1959-04-06,Closed,1965-10-02,1977-12-15,"87,740.31",REA
1000044,1978-01-25,Open,2012-07-16,,"560,479.71",DDA
1000045,1982-12-29,Closed,1956-07-10,2004-05-29,"964,333.06",LOC
1000046,1951-09-08,Open,1972-01-08,,"907,433.69",REA
1000047,2015-10-13,Open,1970-07-23,,"712,965.54",REA
1000048,1954-08-04,Closed,1982-11-12,1962-06-17,"780,387.41",REA
1000049,1956-11-14,Open,1991-11-20,,"868,265.72",LOC
1000050,1964-10-21,Closed,1986-01-21,1983-11-05,"192,959.58",DDA
1000051,2007-08-21,Closed,1976-01-17,2030-02-20,"516,255.49",DDA
1000052,1977-11-30,Open,1974-02-14,,"100,787.01",REA
1000053,1973-04-19,Closed,1960-07-01,1987-11-17,"454,776.25",LOC
1000054,2006-05-07,Open,2010-03-06,,"732,887.63",REA
1000055,2017-10-10,Closed,1974-07-25,2039-03-12,"81,557.53",DDA
1000056,2009-07-16,Open,1950-03-10,,"292,742.08",RSV
1000057,1956-03-01,Closed,1991-03-31,1971-06-25,"866,802.53",REA
1000058,1954-08-09,Open,1966-01-26,,"200,836.70",REA
1000059,2017-12-27,Closed,2017-02-21,2040-04-08,"587,561.80",DDA
1000060,2017-11-07,Closed,2012-08-29,2042-07-03,"132,349.03",RSV
1000061,2009-08-14,Open,1989-07-28,,"191,212.59",LOC
1000062,1980-02-27,Open,1982-07-12,,"807,017.39",REA
1000063,1951-10-02,Closed,1957-07-04,1964-08-04,"490,811.50",LOC
1000064,2005-10-21,Closed,1952-01-04,2019-10-04,"215,340.18",REA
1000065,1975-05-18,Open,1968-09-11,,"245,473.70",REA
1000066,1976-08-18,Open,1954-03-22,,"516,283.21",RSV
1000067,1986-09-16,Closed,2006-10-10,1993-12-29,"821,360.69",DDA
1000068,1975-06-04,Open,1957-08-08,,"906,234.04",RSV
1000069,1972-02-27,Closed,1991-10-01,1985-06-01,"233,057.84",RSV
1000070,1986-05-18,Closed,1977-10-29,2003-08-21,"698,087.97",LOC
1000071,1968-12-13,Open,1997-10-01,,"987,016.69",RSV
1000072,2004-07-02,Open,2008-09-06,,"98,221.89",LOC
1000073,1983-04-08,Open,1983-02-22,,"307,391.43",LOC
1000074,1988-12-16,Closed,1962-09-27,2014-12-08,"602,729.10",RSV
1000075,1994-03-29,Open,1966-11-07,,"633,391.83",RSV
1000076,2015-09-08,Closed,1966-08-13,2032-06-20,"208,113.45",DDA
1000077,2007-10-29,Open,1971-08-16,,"292,410.15",LOC
1000078,2018-03-29,Open,1967-01-05,,"799,721.61",LOC
1000079,1957-03-17,Closed,1954-09-21,1975-04-26,"218,502.99",DDA
1000080,1985-04-16,Open,1984-12-26,,"975,089.84",LOC
1000081,1979-08-24,Open,1997-07-30,,"690,796.02",DDA
1000082,2002-09-12,Closed,1967-01-08,2026-09-14,"669,524.86",LOC
1000083,2000-02-19,Open,1976-11-05,,"486,553.78",DDA
1000084,1978-02-18,Open,1954-07-13,,"669,382.39",LOC
1000085,1953-05-01,Open,2016-07-10,,"835,646.95",RSV
1000086,1971-02-18,Closed,2007-11-29,1976-05-10,"763,985.16",LOC
1000087,1982-06-29,Closed,1979-08-30,1998-02-06,"638,940.79",DDA
1000088,1960-07-18,Open,1991-06-30,,"121,138.21",LOC
1000089,2018-04-21,Open,2001-03-15,,"623,167.14",LOC
1000090,2003-01-21,Open,1997-02-26,,"356,468.78",RSV
1000091,2012-02-04,Open,1969-11-05,,"28,069.22",REA
1000092,1989-11-05,Closed,1976-03-07,1993-05-28,"727,655.95",DDA
1000093,1963-09-28,Closed,1975-10-25,1973-04-10,"920,401.41",DDA
1000094,1954-11-12,Open,2015-06-04,,"429,181.78",LOC
1000095,1979-12-30,Closed,1978-05-21,2001-07-11,"729,815.50",REA
1000096,1978-04-26,Closed,1975-11-18,1990-03-05,"824,855.29",REA
1000097,1962-11-10,Open,1956-08-12,,"497,255.94",LOC
1000098,2007-03-03,Open,1963-10-05,,"58,546.31",LOC
1000099,2008-02-20,Open,1950-06-12,,"22,831.86",RSV
1000100,1955-02-23,Open,1989-11-15,,"946,603.42",REA
1000101,2007-02-07,Closed,1994-05-21,2027-01-08,"559,247.75",LOC
1000102,1979-03-18,Open,1961-03-27,,"684,621.59",LOC
1000103,1967-02-02,Closed,1993-08-06,1978-10-27,"836,311.46",REA
1000104,1998-09-23,Open,2008-03-16,,"342,298.83",LOC
1000105,1997-06-22,Open,2015-05-19,,"702,524.22",RSV
1000106,1997-12-30,Open,1991-06-08,,"248,845.16",LOC
1000107,1984-10-04,Open,1980-08-28,,"469,152.77",DDA
1000108,1984-11-09,Closed,2012-11-26,2003-11-30,"35,017.18",LOC
1000109,1984-06-06,Open,1971-06-29,,"56,981.95",REA
1000110,1984-09-17,Open,1960-10-30,,"68,228.21",RSV
1000111,1972-10-01,Open,2015-12-27,,"89,115.09",DDA
1000112,1967-06-07,Open,1971-03-10,,"687,258.27",RSV
1000113,1965-11-07,Open,1965-10-26,,"860,377.50",LOC
1000114,2016-10-03,Closed,1963-09-13,2038-03-29,"592,132.31",DDA
1000115,2016-10-10,Closed,1965-08-22,2032-12-01,"503,948.05",DDA
1000116,1987-01-23,Open,2005-10-06,,"349,069.65",DDA
1000117,1970-11-09,Closed,1997-07-23,1976-11-25,"912,272.86",REA
1000118,1952-02-23,Open,2010-05-02,,"481,923.56",RSV
1000119,1960-02-19,Closed,1964-10-11,1967-12-15,"347,788.32",DDA
1000120,1985-07-30,Closed,2015-02-07,1995-09-19,"518,284.48",REA
1000121,1979-08-19,Open,2012-10-13,,"743,317.80",REA
1000122,1961-10-29,Open,1976-12-17,,"414,468.46",RSV
1000123,1974-07-12,Closed,2001-12-28,1979-02-18,"292,281.10",RSV
1000124,2012-09-08,Open,1976-01-19,,"837,083.47",DDA
1000125,1950-09-23,Closed,1974-04-22,1975-07-06,"403,576.86",REA
1000126,1997-01-14,Closed,2008-10-28,2002-03-06,"927,475.19",REA
1000127,1977-06-04,Open,1972-11-09,,"696,329.46",REA
1000128,2015-09-17,Open,1993-01-14,,"276,323.82",LOC
1000129,1996-11-18,Open,1977-08-02,,"625,839.94",REA
1000130,1980-03-10,Closed,2006-11-27,2003-05-12,"511,179.31",REA
1000131,1993-03-11,Open,1978-10-30,,"891,610.29",RSV
1000132,1996-03-25,Open,1980-07-10,,"867,978.79",REA
1000133,1983-12-13,Closed,1960-12-11,1995-04-17,"891,884.58",DDA
1000134,1998-01-30,Open,2017-09-05,,"63,046.27",RSV
1000135,1963-06-03,Closed,1976-04-13,1976-10-28,"743,130.18",DDA
1000136,1971-04-19,Closed,2004-10-18,1985-08-26,"690,719.63",DDA
1000137,2017-10-11,Open,1960-05-31,,"895,603.43",REA
1000138,2017-12-06,Open,1977-11-16,,"821,345.56",RSV
1000139,1954-06-11,Open,2001-10-18,,"689,783.06",LOC
1000140,2002-08-20,Closed,1984-11-04,2025-05-05,"954,472.03",REA
1000141,1998-04-12,Open,1970-06-03,,"523,150.71",LOC
1000142,1997-01-10,Open,2015-01-12,,"241,406.57",LOC
1000143,2018-03-11,Open,1994-01-29,,"324,243.67",RSV
1000144,1993-10-19,Open,1971-07-06,,"933,685.23",RSV
1000145,1979-09-17,Open,2015-02-05,,"198,071.74",LOC
1000146,1977-05-23,Closed,1982-01-30,1998-12-28,"642,635.88",DDA
1000147,1985-07-04,Closed,1991-07-27,2010-11-24,"948,388.60",LOC
1000148,2000-03-12,Open,2000-12-08,,"124,331.16",DDA
1000149,1993-04-04,Closed,1951-05-02,2013-03-16,"592,656.00",REA
1000150,1974-05-26,Closed,1966-02-10,1990-05-18,"206,119.51",DDA
1000151,1993-06-24,Open,1963-06-03,,"475,653.40",LOC
1000152,2005-05-17,Closed,1986-04-21,2012-10-01,"924,583.96",REA
1000153,2016-07-07,Open,2010-03-30,,"893,649.09",LOC
1000154,2003-12-19,Closed,1976-02-03,2011-08-14,"797,294.79",DDA
1000155,1996-08-21,Open,2006-09-08,,"147,195.36",RSV
1000156,2012-01-25,Open,2005-03-26,,"603,040.68",LOC
1000157,1952-06-11,Open,1996-04-02,,"322,915.31",DDA
1000158,1990-01-12,Closed,1976-07-07,2003-03-05,"628,813.53",LOC
1000159,1966-03-08,Open,1954-04-26,,"698,248.71",REA
1000160,2003-02-25,Closed,1970-01-24,2021-07-08,"219,656.31",RSV
1000161,1973-03-14,Closed,2010-09-11,1991-08-28,"726,430.56",REA
1000162,1969-08-25,Open,2018-04-10,,"904,070.50",DDA
1000163,2005-06-18,Open,2007-08-22,,"518,882.27",REA
1000164,1983-12-03,Open,1989-12-29,,"495,668.92",LOC
1000165,2005-04-27,Open,1950-12-22,,"86,746.59",LOC
1000166,1990-01-09,Closed,1996-08-14,2011-05-16,"148,700.74",LOC
1000167,1998-05-23,Closed,2006-12-19,2019-03-05,"100,717.44",LOC
1000168,1967-08-02,Closed,1965-07-20,1985-01-05,"887,566.36",RSV
1000169,1984-03-15,Open,1982-02-01,,"831,489.48",RSV
1000170,1954-08-02,Open,2010-12-20,,"544,980.00",DDA
1000171,1992-09-07,Closed,1974-06-06,2012-04-04,"224,203.02",REA
1000172,1969-04-30,Open,1973-12-02,,"677,824.28",REA
1000173,1976-04-25,Closed,2002-09-22,1998-09-16,"476,868.16",LOC
1000174,2006-04-15,Closed,2000-04-27,2014-07-28,"679,931.60",LOC
1000175,1986-08-19,Open,1985-01-07,,"456,118.80",DDA
1000176,1957-08-08,Closed,1962-11-28,1984-03-03,"194,936.65",REA
1000177,2008-01-27,Closed,1955-07-27,2012-08-29,"412,215.76",REA
1000178,1956-06-13,Open,1986-12-12,,"245,949.93",REA
1000179,1984-11-17,Open,2004-08-27,,"308,249.72",RSV
1000180,1980-06-07,Open,1978-11-05,,"257,741.04",DDA
1000181,1981-09-08,Closed,1972-11-04,1990-09-05,"44,735.80",DDA
1000182,1976-06-22,Open,1983-07-13,,"400,203.53",RSV
1000183,1986-08-19,Open,1952-07-31,,"170,248.59",REA
1000184,1972-07-30,Open,1965-02-17,,"975,440.56",LOC
1000185,2006-06-16,Open,2014-01-18,,"894,983.79",LOC
1000186,1960-05-08,Closed,1968-01-18,1964-09-04,"754,442.23",LOC
1000187,2013-03-02,Closed,1988-04-08,2032-05-09,"132,306.19",RSV
1000188,1970-12-08,Open,2008-12-05,,"875,933.58",LOC
1000189,1990-10-05,Closed,1963-12-16,2012-04-03,"539,927.16",DDA
1000190,1973-06-12,Closed,1950-04-21,1997-11-21,"802,013.53",LOC
1000191,2011-06-23,Open,2007-05-31,,"549,894.73",REA
1000192,1979-05-02,Open,1988-08-15,,"319,480.14",RSV
1000193,1975-06-10,Open,2011-05-17,,"825,406.41",REA
1000194,2011-05-22,Closed,1975-08-28,2034-02-07,"979,026.54",REA
1000195,1961-06-24,Open,1983-11-29,,"133,955.41",RSV
1000196,2016-02-08,Closed,1978-12-21,2035-07-14,"368,436.57",RSV
1000197,2013-08-03,Open,1954-05-02,,"548,902.72",LOC
1000198,1994-12-22,Open,2002-12-20,,"826,797.03",RSV
1000199,1958-01-04,Closed,1956-03-16,1967-01-27,"612,079.23",RSV
1000200,1962-01-07,Open,1988-08-15,,"855,955.10",DDA
1000201,1967-11-20,Open,1960-08-24,,"894,850.21",DDA
1000202,1993-10-13,Open,1952-02-10,,"844,146.58",REA
1000203,1966-04-17,Closed,2003-07-10,1981-07-25,"993,759.81",LOC
1000204,2008-11-25,Open,1979-12-16,,"582,229.19",RSV
1000205,2013-05-08,Open,2009-04-30,,"291,344.39",LOC
1000206,2010-07-09,Closed,1981-06-20,2036-07-08,"383,916.61",DDA
1000207,1974-04-03,Closed,1989-08-07,1976-05-23,"765,778.42",REA
1000208,1963-06-07,Open,1975-08-06,,"353,900.73",LOC
1000209,2015-09-16,Open,2002-09-13,,"662,391.82",REA
1000210,1990-11-22,Open,2001-09-19,,"115,695.66",RSV
1000211,1966-01-17,Open,2012-05-09,,"574,049.93",RSV
1000212,1995-04-26,Closed,1994-02-28,2004-01-23,"305,409.18",RSV
1000213,1951-04-10,Open,1984-04-06,,"134,915.48",DDA
1000214,1952-02-03,Open,2004-08-11,,"192,724.94",LOC
1000215,1996-11-25,Open,2005-07-01,,"115,447.92",LOC
1000216,2009-10-22,Open,2015-06-05,,"89,460.59",RSV
1000217,1993-10-10,Open,1995-05-10,,"851,378.89",RSV
1000218,1988-02-03,Open,1978-07-13,,"610,347.51",LOC
1000219,2009-06-02,Open,1985-08-21,,"245,812.81",LOC
1000220,2005-08-24,Closed,1988-03-09,2007-06-05,"235,032.57",REA
1000221,1973-10-22,Open,1994-12-23,,"302,468.89",RSV
1000222,1986-08-05,Open,1974-10-23,,"648,861.13",DDA
1000223,2008-02-04,Closed,2005-05-29,2033-06-11,"893,910.43",RSV
1000224,1965-10-09,Closed,2000-02-20,1968-02-09,"782,756.73",DDA
1000225,2017-10-30,Open,2002-10-19,,"601,137.66",DDA
1000226,1986-02-06,Open,2001-11-07,,"443,755.87",DDA
1000227,1977-06-26,Open,2016-11-13,,"290,100.71",LOC
1000228,1975-10-26,Open,2013-04-20,,"183,112.76",LOC
1000229,1973-11-22,Closed,2010-03-11,1995-04-30,"221,102.35",DDA
1000230,1953-10-10,Open,2011-03-25,,"125,392.74",RSV
1000231,1954-10-23,Open,2011-11-10,,"903,150.28",LOC
1000232,1963-08-03,Open,2002-12-07,,"251,275.11",LOC
1000233,1969-07-17,Open,1959-10-18,,"818,080.88",LOC
1000234,2003-01-01,Closed,1986-12-02,2014-04-29,"685,415.40",DDA
1000235,1969-05-23,Open,1990-04-17,,"801,787.55",DDA
1000236,1984-10-04,Closed,1990-04-12,1996-07-18,"48,887.83",REA
1000237,2000-04-03,Open,1997-02-27,,"999,515.67",LOC
1000238,1999-10-12,Closed,2009-09-08,2013-09-20,"79,384.63",RSV
1000239,1981-12-17,Closed,1950-11-23,2009-04-18,"492,313.05",DDA
1000240,1966-06-30,Closed,1973-03-01,1986-12-24,"448,104.15",DDA
1000241,1971-11-10,Closed,2015-02-03,1992-06-26,"516,174.05",DDA
1000242,1976-11-15,Closed,1958-04-20,1979-07-16,"97,230.87",REA
1000243,1976-07-31,Closed,1967-12-03,1981-12-12,"649,620.05",DDA
1000244,1968-01-23,Closed,2012-05-14,1968-07-24,"35,692.62",DDA
1000245,2005-03-27,Closed,1978-09-28,2022-12-19,"645,315.03",RSV
1000246,1978-05-02,Closed,2007-12-31,1991-09-17,"781,620.08",REA
1000247,1951-10-19,Closed,1998-06-04,1962-06-14,"521,950.33",REA
1000248,1995-08-04,Open,1984-08-22,,"332,320.62",LOC
1000249,2015-12-25,Open,1965-06-04,,"329,417.14",RSV
1000250,1957-09-24,Closed,1970-06-08,1964-04-23,"789,559.37",LOC
1000251,1950-10-23,Closed,1997-01-04,1957-03-29,"647,273.70",REA
1000252,1993-09-27,Open,1988-01-11,,"85,121.57",LOC
1000253,1972-09-01,Closed,1956-06-11,1978-09-19,"154,151.03",LOC
1000254,1975-03-22,Closed,2011-08-18,1981-08-20,"552,779.30",DDA
1000255,1980-01-13,Closed,1952-05-19,1991-04-04,"231,427.50",RSV
1000256,1954-03-09,Closed,2010-08-23,1967-10-10,"656,015.93",REA
1000257,1983-03-08,Open,2013-12-29,,"511,097.45",RSV
1000258,1960-03-12,Open,1981-12-08,,"979,049.58",REA
1000259,2002-12-17,Closed,1960-10-03,2013-07-22,"66,375.73",DDA
1000260,1979-07-22,Open,1969-07-08,,"892,080.72",REA
1000261,1956-06-14,Open,1953-05-30,,"26,574.72",RSV
1000262,1954-05-22,Closed,1968-12-06,1955-01-02,"410,224.96",REA
1000263,2004-09-25,Closed,1966-09-24,2016-06-02,"857,256.88",REA
1000264,1951-07-10,Open,1979-09-11,,"613,332.96",LOC
1000265,2011-10-01,Open,1976-07-23,,"696,799.89",REA
1000266,1971-09-17,Closed,1977-11-30,1977-01-17,"544,000.78",RSV
1000267,1997-05-31,Open,1993-09-06,,"517,355.80",REA
1000268,2016-09-05,Closed,1999-12-10,2037-10-30,"87,661.16",DDA
1000269,2013-09-22,Closed,1991-06-30,2031-09-26,"453,293.58",LOC
1000270,1972-04-14,Closed,1950-12-03,1975-04-21,"318,693.17",RSV
1000271,1986-06-26,Closed,1992-05-08,2010-10-14,"604,711.88",REA
1000272,1951-09-08,Open,1962-02-19,,"307,765.34",LOC
1000273,1986-05-24,Closed,1989-05-20,2011-12-06,"88,723.29",REA
1000274,1968-07-01,Closed,1951-08-06,1987-01-01,"54,996.68",REA
1000275,1997-02-25,Open,2000-11-25,,"380,902.38",LOC
1000276,2009-05-05,Closed,2018-05-31,2027-03-06,"262,185.88",DDA
1000277,1998-12-12,Closed,1968-12-28,2013-02-14,"174,298.55",REA
1000278,1990-11-15,Closed,1994-04-08,2010-01-16,"893,802.23",REA
1000279,1978-12-14,Closed,2012-03-23,2004-09-18,"836,201.86",LOC
1000280,1975-12-17,Closed,2011-01-15,1981-05-20,"689,746.95",RSV
1000281,2005-01-17,Closed,2017-06-07,2007-08-18,"349,905.25",REA
1000282,1951-09-04,Open,1992-12-18,,"927,831.49",RSV
1000283,1975-02-14,Closed,1966-08-30,1984-11-14,"62,684.50",REA
1000284,2004-12-19,Closed,2014-02-22,2024-01-04,"796,114.15",DDA
1000285,1993-07-22,Closed,2001-06-07,1996-03-25,"66,015.75",LOC
1000286,1992-12-08,Open,1998-09-24,,"829,927.92",RSV
1000287,1979-12-01,Open,2007-03-01,,"149,125.02",REA
1000288,2014-09-22,Closed,1983-04-06,2038-12-04,"790,005.05",DDA
1000289,2013-05-26,Open,1972-02-28,,"231,488.47",REA
1000290,1998-05-22,Closed,1958-01-30,2012-01-10,"211,116.29",DDA
1000291,1978-04-14,Open,2001-05-31,,"805,670.71",RSV
1000292,1973-05-09,Open,1986-02-05,,"364,655.20",DDA
1000293,1985-11-09,Closed,1959-05-20,2005-07-18,"100,514.38",DDA
1000294,2010-12-16,Open,1996-06-19,,"197,450.64",DDA
1000295,1969-09-30,Closed,1999-07-03,1992-11-19,"562,289.48",RSV
1000296,1966-06-09,Closed,1997-05-09,1974-01-15,"926,948.26",REA
1000297,1972-01-25,Closed,1976-01-05,1993-01-05,"894,447.72",REA
1000298,2008-04-29,Open,1953-02-15,,"267,706.47",RSV
1000299,2001-08-11,Open,1974-07-20,,"772,338.96",REA
1000300,2013-08-23,Closed,1962-01-28,2026-03-21,"473,479.48",DDA
1000301,2002-11-22,Closed,1958-01-07,2007-09-06,"305,612.81",DDA
1000302,2015-12-07,Closed,2018-06-06,2040-02-01,"953,982.89",DDA
1000303,2009-02-12,Open,1970-09-12,,"619,662.60",REA
1000304,1976-01-01,Open,1955-04-09,,"60,397.36",RSV
1000305,1985-11-07,Open,1983-09-26,,"485,710.25",REA
1000306,1951-03-22,Closed,1984-04-01,1961-01-10,"968,914.81",RSV
1000307,1952-10-18,Closed,1967-06-17,1976-06-13,"102,279.14",RSV
1000308,2016-01-07,Closed,1976-12-09,2016-04-12,"715,861.49",LOC
1000309,2000-09-09,Closed,1995-12-24,2024-05-20,"527,551.51",REA
1000310,1960-09-18,Open,2015-02-12,,"476,192.54",REA
1000311,1980-05-29,Open,2003-07-10,,"188,404.70",LOC
1000312,1958-02-08,Open,1971-10-03,,"464,693.12",RSV
1000313,1984-07-07,Open,2002-08-24,,"775,746.73",RSV
1000314,1966-11-24,Open,1952-11-21,,"675,007.39",REA
1000315,1956-09-14,Open,1984-12-07,,"965,416.54",LOC
1000316,2002-12-03,Closed,1982-08-06,2009-09-15,"671,767.45",REA
1000317,2006-05-07,Open,2012-08-18,,"497,902.45",DDA
1000318,1972-02-05,Closed,1981-12-21,1976-06-14,"707,984.95",REA
1000319,1978-12-25,Open,1966-11-27,,"121,595.56",LOC
1000320,2003-08-12,Closed,2003-09-10,2008-08-18,"909,176.89",DDA
1000321,1978-06-08,Open,1991-12-19,,"887,591.51",LOC
1000322,2003-03-26,Closed,2000-11-19,2026-11-23,"856,523.14",DDA
1000323,1976-06-21,Open,1978-05-15,,"887,952.62",REA
1000324,1989-06-20,Open,1982-04-27,,"89,498.73",DDA
1000325,1976-03-16,Closed,1962-02-24,1995-10-24,"747,569.19",REA
1000326,2005-02-12,Open,1975-10-19,,"446,753.18",RSV
1000327,1991-02-07,Open,1983-03-29,,"761,312.74",REA
1000328,1964-01-01,Open,1973-07-13,,"269,948.60",LOC
1000329,1984-12-05,Open,1991-04-28,,"950,935.12",LOC
1000330,2011-04-17,Closed,1966-05-10,2014-05-26,"636,993.78",LOC
1000331,1987-07-24,Closed,1983-10-26,1999-01-26,"535,922.58",RSV
1000332,2004-01-07,Closed,1985-07-09,2006-02-08,"427,875.36",LOC
1000333,1989-08-28,Closed,1977-08-19,1997-05-20,"295,268.20",LOC
1000334,2014-01-30,Closed,1962-12-16,2035-04-21,"823,642.21",REA
1000335,1955-07-19,Open,2008-11-30,,"64,661.61",LOC
1000336,2007-11-19,Closed,1976-04-14,2032-06-16,"81,773.22",REA
1000337,2009-05-11,Closed,1970-12-18,2022-05-06,"716,648.36",DDA
1000338,2018-11-23,Closed,2013-06-01,2042-11-11,"587,269.78",DDA
1000339,1950-08-26,Closed,2018-03-02,1970-05-10,"745,178.78",LOC
1000340,1994-10-31,Open,1951-07-27,,"377,399.69",RSV
1000341,1951-08-12,Open,1992-10-28,,"120,867.75",REA
1000342,1966-02-13,Closed,1990-11-06,1990-09-28,"871,465.71",REA
1000343,1968-04-04,Open,1974-10-06,,"67,346.03",DDA
1000344,2012-07-02,Open,1990-09-07,,"503,108.72",RSV
1000345,1995-04-23,Closed,2017-09-27,2012-04-25,"520,829.49",LOC
1000346,2005-06-20,Closed,2008-01-27,2025-05-28,"406,057.04",RSV
1000347,1987-11-27,Open,1981-09-11,,"179,000.02",LOC
1000348,1960-04-27,Open,1973-06-09,,"786,149.12",RSV
1000349,2017-10-05,Open,1953-07-12,,"436,467.65",RSV
1000350,1987-03-30,Open,1961-05-29,,"113,316.88",LOC
1000351,2002-02-22,Closed,1982-11-20,2011-07-26,"423,232.94",RSV
1000352,1982-10-05,Open,1964-07-23,,"560,992.70",DDA
1000353,1965-08-07,Open,2000-04-02,,"361,299.41",RSV
1000354,1976-08-23,Closed,1971-12-19,1976-12-18,"567,496.41",DDA
1000355,1991-07-11,Closed,2006-10-06,2000-11-23,"742,888.01",RSV
1000356,2017-11-17,Open,1966-03-12,,"546,762.46",REA
1000357,2013-02-24,Open,2013-08-20,,"738,593.09",RSV
1000358,1996-04-17,Closed,2009-12-27,2009-06-30,"822,551.43",DDA
1000359,1963-10-11,Open,1981-05-15,,"750,354.20",REA
1000360,1960-07-25,Closed,1972-12-28,1981-11-24,"25,280.00",DDA
1000361,1971-11-20,Open,1973-02-03,,"638,964.24",LOC
1000362,1957-08-09,Closed,1953-09-03,1960-02-03,"42,236.48",DDA
1000363,2000-07-06,Open,1977-06-03,,"949,467.27",LOC
1000364,1977-09-22,Open,1984-12-03,,"693,225.54",DDA
1000365,2003-08-14,Closed,1975-12-01,2030-02-26,"293,394.15",REA
1000366,1974-01-28,Open,1976-06-23,,"576,939.69",LOC
1000367,1992-01-17,Open,2012-11-04,,"937,544.67",RSV
1000368,1962-05-24,Closed,2007-01-28,1971-03-16,"96,255.75",DDA
1000369,2005-01-20,Open,1957-03-14,,"338,459.22",RSV
1000370,1991-08-05,Open,1958-12-26,,"840,829.77",RSV
1000371,1957-12-22,Closed,2009-07-22,1964-07-22,"337,016.40",LOC
1000372,2000-01-09,Closed,1971-07-03,2002-02-24,"446,348.36",RSV
1000373,2002-03-18,Open,1976-04-07,,"551,934.53",DDA
1000374,1979-08-13,Open,2016-09-07,,"751,224.43",REA
1000375,1959-12-06,Closed,1967-03-01,1972-05-06,"887,548.10",LOC
1000376,1988-04-02,Open,1968-12-19,,"550,946.44",LOC
1000377,1966-03-05,Closed,1954-02-27,1991-11-21,"784,667.01",REA
1000378,2002-03-19,Closed,1982-01-12,2028-06-03,"827,528.22",LOC
1000379,1981-10-17,Closed,2001-02-20,1997-03-29,"364,206.00",LOC
1000380,1980-12-30,Closed,1953-07-28,2003-09-24,"280,837.01",RSV
1000381,1996-02-28,Closed,1971-08-01,2006-10-08,"633,080.11",RSV
1000382,1988-03-13,Open,2000-09-23,,"470,902.17",RSV
1000383,1984-04-29,Closed,1951-12-20,1991-03-23,"815,284.87",RSV
1000384,1971-05-18,Open,2003-09-01,,"734,548.61",REA
1000385,1971-07-29,Closed,1995-04-18,1987-08-03,"767,731.29",LOC
1000386,1963-03-20,Open,2016-08-29,,"404,624.67",REA
1000387,2012-06-15,Open,1979-08-22,,"313,853.06",REA
1000388,1959-04-17,Open,1995-05-02,,"469,894.93",DDA
1000389,1959-12-26,Open,1958-06-28,,"696,366.99",LOC
1000390,2012-05-18,Open,1980-01-16,,"177,544.49",RSV
1000391,2015-03-23,Closed,2000-08-04,2041-07-08,"157,925.29",REA
1000392,1975-02-09,Open,1965-12-19,,"614,168.68",REA
1000393,2016-07-31,Closed,1973-12-27,2018-04-09,"824,297.67",DDA
1000394,1980-09-10,Open,1953-05-12,,"863,635.41",DDA
1000395,1965-06-13,Open,1969-01-01,,"637,602.33",DDA
1000396,1989-02-05,Open,1969-06-16,,"19,511.76",DDA
1000397,1995-11-03,Closed,2016-11-15,2017-06-27,"320,223.10",DDA
1000398,1969-10-22,Closed,1997-03-06,1974-05-13,"611,881.86",LOC
1000399,1974-01-15,Open,2001-03-04,,"61,155.78",REA
1000400,1982-10-30,Open,1967-09-22,,"292,918.61",LOC
1000401,2010-06-07,Closed,2014-05-15,2021-03-08,"544,282.18",RSV
1000402,1994-09-20,Closed,2010-04-09,2011-04-18,"793,037.60",REA
1000403,2010-01-18,Open,1955-07-23,,"685,229.09",DDA
1000404,1957-11-20,Closed,1964-03-09,1971-07-25,"779,574.41",LOC
1000405,1977-09-26,Open,1966-06-16,,"636,913.52",REA
1000406,1964-01-07,Closed,1997-11-05,1966-11-09,"493,291.81",REA
1000407,1958-09-23,Open,1993-11-08,,"207,280.83",REA
1000408,1987-04-21,Open,1983-05-06,,"364,885.82",REA
1000409,1972-03-30,Open,1973-07-27,,"437,898.56",LOC
1000410,1962-02-28,Open,1966-04-25,,"472,132.72",RSV
1000411,1958-11-16,Closed,1955-07-28,1970-11-24,"585,999.16",LOC
1000412,1982-10-22,Closed,1984-12-20,2000-10-28,"939,113.49",RSV
1000413,1988-04-21,Open,1951-09-29,,"285,759.78",REA
1000414,1951-12-23,Open,1950-04-07,,"500,315.71",REA
1000415,2000-10-20,Closed,1988-06-21,2002-12-11,"281,878.26",REA
1000416,1975-07-30,Closed,1969-05-29,1994-03-19,"578,119.19",DDA
1000417,2015-05-20,Open,1973-07-01,,"379,872.35",RSV
1000418,1989-09-14,Open,2016-09-14,,"123,058.50",REA
1000419,1966-06-02,Open,2005-03-26,,"351,503.46",LOC
1000420,1957-05-06,Closed,1968-02-21,1959-01-31,"584,392.70",DDA
1000421,2000-06-28,Closed,1955-11-27,2018-09-16,"657,553.43",DDA
1000422,2005-01-05,Closed,1983-06-14,2021-03-10,"836,301.11",RSV
1000423,2013-02-01,Closed,2009-05-08,2017-11-24,"452,536.08",DDA
1000424,1976-02-02,Open,1956-09-21,,"404,783.84",LOC
1000425,2004-05-30,Closed,1963-09-26,2021-03-02,"178,862.56",DDA
1000426,1959-07-18,Open,1964-06-24,,"113,720.19",REA
1000427,2017-11-09,Closed,1988-06-09,2041-04-30,"861,387.46",DDA
1000428,1958-12-19,Open,1995-05-30,,"114,586.45",LOC
1000429,2015-05-20,Closed,1991-08-22,2028-01-04,"985,179.78",RSV
1000430,1980-11-10,Open,2001-10-17,,"354,193.97",DDA
1000431,1968-02-18,Open,1981-11-06,,"447,709.43",REA
1000432,1954-05-16,Open,1954-03-01,,"720,266.34",RSV
1000433,2016-09-26,Closed,1985-06-30,2035-10-12,"723,494.87",DDA
1000434,1992-08-05,Closed,1975-08-15,2019-09-08,"210,292.91",LOC
1000435,1984-10-02,Open,1977-06-07,,"191,331.96",LOC
1000436,1959-10-22,Open,1966-06-19,,"522,457.46",DDA
1000437,2018-08-13,Open,2006-06-02,,"645,478.77",DDA
1000438,2001-09-27,Open,2000-09-30,,"806,416.85",LOC
1000439,1983-08-18,Open,2014-09-19,,"216,430.84",RSV
1000440,2015-03-13,Open,1995-08-12,,"92,759.29",LOC
1000441,1969-02-07,Open,1972-07-05,,"971,585.32",LOC
1000442,1957-08-17,Open,2000-04-10,,"493,107.96",LOC
1000443,1975-08-08,Closed,2006-01-07,1990-12-15,"168,646.91",DDA
1000444,1987-10-24,Closed,1953-11-26,1991-10-10,"635,374.20",REA
1000445,1992-02-26,Open,2012-11-11,,"234,473.34",LOC
1000446,1966-11-13,Open,1953-10-12,,"744,836.47",REA
1000447,2018-12-04,Open,1957-05-22,,"650,079.03",REA
1000448,1968-03-27,Open,2000-05-14,,"660,273.40",DDA
1000449,1959-12-08,Closed,1981-11-11,1976-10-17,"632,830.63",DDA
1000450,1966-05-01,Closed,1981-09-23,1992-10-09,"553,681.39",REA
1000451,1999-04-30,Open,2016-07-20,,"121,651.33",REA
1000452,1959-06-01,Open,1965-05-21,,"921,845.92",RSV
1000453,2004-06-16,Closed,1986-07-24,2022-09-05,"253,478.36",LOC
1000454,2001-09-26,Closed,1988-03-29,2010-10-03,"706,685.62",DDA
1000455,1979-09-10,Closed,1953-08-09,1992-03-27,"657,592.66",REA
1000456,1970-07-24,Open,1984-06-07,,"729,410.12",RSV
1000457,1973-10-25,Closed,1976-07-13,1988-07-07,"498,679.53",DDA
1000458,1996-03-01,Open,1992-12-28,,"211,368.24",DDA
1000459,2016-02-08,Closed,2001-01-22,2035-02-27,"37,438.82",RSV
1000460,1995-11-23,Open,1969-11-23,,"941,838.52",LOC
1000461,1983-06-14,Closed,1953-03-06,1988-10-14,"752,328.04",LOC
1000462,1985-11-27,Closed,1999-12-07,2010-03-24,"684,866.26",RSV
1000463,2012-07-26,Open,1974-06-17,,"625,842.83",DDA
1000464,1994-01-09,Closed,1980-09-27,1995-02-03,"303,917.72",REA
1000465,1957-10-27,Closed,1991-04-02,1974-02-09,"23,792.15",DDA
1000466,1965-10-27,Closed,1970-01-31,1984-06-03,"400,951.53",LOC
1000467,2011-11-19,Open,1962-07-28,,"469,925.14",DDA
1000468,1971-07-12,Open,1993-05-23,,"730,347.20",DDA
1000469,2008-05-14,Closed,1979-10-04,2019-08-04,"675,135.08",REA
1000470,1953-03-16,Open,2005-12-01,,"182,591.41",REA
1000471,1983-07-18,Closed,1970-07-14,2008-09-03,"685,700.44",DDA
1000472,2013-05-07,Closed,1997-11-07,2040-03-09,"302,906.13",REA
1000473,1991-07-26,Open,2018-10-18,,"130,185.14",LOC
1000474,1956-12-21,Closed,1979-02-04,1957-06-24,"786,527.30",DDA
1000475,2009-03-10,Open,1984-07-31,,"900,255.25",DDA
1000476,1990-09-13,Open,2005-05-14,,"463,151.01",RSV
1000477,1999-10-02,Open,1978-03-21,,"700,209.94",DDA
1000478,1996-05-15,Open,1960-10-31,,"838,029.54",RSV
1000479,1992-02-21,Closed,1970-04-17,2015-04-27,"852,407.73",DDA
1000480,1955-02-27,Open,1966-07-13,,"11,984.56",RSV
1000481,1978-07-30,Closed,1957-03-24,1988-09-06,"956,666.63",LOC
1000482,1973-08-15,Open,1974-09-09,,"181,151.73",RSV
1000483,1982-09-15,Closed,1964-02-25,1987-06-19,"860,885.60",LOC
1000484,1979-02-26,Open,2009-04-08,,"564,004.48",RSV
1000485,1971-01-14,Open,1999-02-23,,"629,149.62",REA
1000486,1951-04-20,Closed,1952-07-07,1975-09-28,"548,014.22",LOC
1000487,1951-05-16,Closed,1961-12-22,1962-04-10,"573,166.38",DDA
1000488,1960-05-27,Closed,2013-02-28,1975-04-18,"84,064.63",RSV
1000489,1993-11-12,Open,2006-10-19,,"236,763.21",RSV
1000490,1969-09-17,Open,1985-05-15,,"997,768.55",REA
1000491,1951-02-15,Closed,1955-05-31,1951-08-19,"311,010.45",REA
1000492,1978-08-20,Open,2008-02-25,,"490,149.74",REA
1000493,1982-06-06,Closed,1985-12-21,1984-06-25,"658,889.45",RSV
1000494,2017-05-18,Closed,1998-01-30,2043-02-06,"477,517.47",DDA
1000495,1989-08-10,Open,1977-11-16,,"800,924.85",LOC
1000496,1990-03-29,Closed,1951-04-10,2003-06-10,"253,268.01",DDA
1000497,1993-06-09,Open,2017-09-23,,"838,770.19",RSV
1000498,1991-07-08,Open,1957-04-14,,"165,172.28",REA
1000499,1965-01-30,Open,1969-10-20,,"283,463.58",LOC
1000500,1953-01-22,Open,1991-05-12,,"122,812.21",LOC
1000501,1973-04-28,Closed,1983-02-03,1985-12-31,"669,670.47",DDA
1000502,1970-08-26,Open,1998-09-23,,"823,348.38",REA
1000503,1982-03-17,Open,1980-06-17,,"555,040.75",RSV
1000504,1996-07-03,Open,1955-11-02,,"661,995.61",REA
1000505,1994-10-16,Open,1961-06-29,,"328,045.39",RSV
1000506,2000-03-07,Closed,1994-05-28,2015-09-08,"460,455.08",RSV
1000507,1956-12-24,Open,1983-06-24,,"304,606.77",LOC
1000508,2011-10-29,Closed,1991-09-30,2019-08-10,"758,027.10",RSV
1000509,1998-09-08,Open,1957-02-25,,"252,280.32",REA
1000510,1968-08-26,Closed,1991-08-13,1980-11-06,"31,140.62",DDA
1000511,1996-06-18,Closed,1980-12-28,2018-07-15,"803,580.83",DDA
1000512,2008-03-23,Closed,2018-05-12,2033-11-18,"791,166.28",DDA
1000513,1977-02-05,Open,1999-04-25,,"695,921.58",RSV
1000514,1962-08-26,Open,1973-04-22,,"551,291.46",DDA
1000515,1966-03-17,Closed,1961-10-22,1984-03-03,"43,301.08",RSV
1000516,1985-02-17,Open,1984-05-09,,"976,494.34",RSV
1000517,1987-08-24,Open,2003-07-03,,"337,001.79",REA
1000518,2003-10-20,Closed,1991-10-26,2009-09-09,"318,512.12",RSV
1000519,1982-09-16,Open,1978-06-07,,"48,991.33",RSV
1000520,1959-05-02,Open,2014-02-25,,"881,789.05",LOC
1000521,2014-04-22,Closed,2017-02-16,2039-12-02,"277,607.88",DDA
1000522,2001-11-19,Open,1958-05-20,,"36,681.21",LOC
1000523,1974-12-16,Open,1981-06-23,,"184,017.83",DDA
1000524,2018-08-07,Closed,2002-10-16,2033-10-26,"826,559.89",LOC
1000525,1989-04-11,Closed,1980-12-01,2012-12-13,"709,548.12",LOC
1000526,1966-06-25,Closed,1962-05-16,1982-04-07,"304,115.92",REA
1000527,2006-08-02,Open,2003-02-05,,"469,999.22",REA
1000528,1953-05-14,Open,1984-04-07,,"208,948.56",RSV
1000529,1995-04-05,Open,1954-12-09,,"394,126.92",LOC
1000530,1970-02-07,Closed,2012-11-14,1989-07-28,"580,364.75",RSV
1000531,1982-08-21,Open,2011-12-07,,"348,023.38",DDA
1000532,1992-09-26,Open,2008-10-21,,"37,726.85",REA
1000533,2007-12-04,Open,2018-08-20,,"910,203.34",RSV
1000534,2012-01-24,Open,1992-06-01,,"546,501.03",DDA
1000535,1991-03-08,Open,1989-10-29,,"512,186.03",RSV
1000536,1972-11-02,Closed,1962-01-13,1987-11-27,"274,913.51",LOC
1000537,2014-08-18,Closed,1978-09-14,2035-07-23,"692,672.21",RSV
1000538,1952-09-17,Open,1972-07-11,,"363,942.94",DDA
1000539,1978-09-22,Closed,2006-01-11,1989-04-03,"921,150.00",REA
1000540,1964-06-09,Closed,1981-11-11,1975-01-01,"365,687.09",DDA
1000541,1982-03-07,Closed,1958-01-15,1988-03-03,"102,521.67",RSV
1000542,1997-11-01,Closed,2000-10-26,2005-02-24,"859,552.53",RSV
1000543,1960-01-15,Closed,1980-09-18,1973-08-13,"322,921.03",REA
1000544,2012-01-14,Open,1962-08-06,,"501,542.46",REA
1000545,2000-11-23,Open,1995-07-05,,"855,565.98",LOC
1000546,2010-12-05,Open,2003-11-13,,"321,742.25",RSV
1000547,2011-12-30,Closed,1951-01-19,2026-07-01,"317,588.06",RSV
1000548,2004-11-28,Closed,1978-09-23,2029-09-20,"519,284.75",REA
1000549,1952-07-15,Closed,2009-01-13,1959-06-20,"166,949.46",RSV
1000550,2005-02-01,Closed,1982-03-07,2011-03-26,"727,968.80",LOC
1000551,1956-05-18,Open,1971-03-13,,"186,795.80",DDA
1000552,1966-10-12,Open,1957-12-06,,"263,125.58",REA
1000553,1962-09-10,Open,1998-03-07,,"197,466.61",DDA
1000554,1993-08-21,Closed,1978-04-20,2000-07-29,"801,146.90",LOC
1000555,1982-12-03,Closed,2013-06-30,1988-10-13,"300,184.65",DDA
1000556,1979-10-20,Closed,1984-09-02,1995-08-24,"447,880.45",DDA
1000557,1972-08-19,Open,1950-05-09,,"406,991.38",LOC
1000558,1985-11-22,Closed,1993-10-02,1996-12-30,"455,257.08",RSV
1000559,1965-10-05,Open,1968-05-21,,"420,503.72",LOC
1000560,1996-12-20,Closed,2007-12-18,2012-12-23,"380,019.92",LOC
1000561,1998-12-03,Closed,2002-02-19,2001-04-16,"362,494.91",LOC
1000562,2006-05-09,Closed,1963-05-23,2011-01-18,"85,072.75",RSV
1000563,2006-01-30,Closed,1951-04-13,2018-03-17,"670,436.02",DDA
1000564,1974-02-02,Open,2013-10-14,,"601,378.70",REA
1000565,2010-10-18,Closed,1974-10-15,2034-09-24,"911,958.69",REA
1000566,2006-07-19,Closed,1982-10-28,2030-07-05,"159,255.40",RSV
1000567,1961-06-16,Open,1959-10-28,,"957,428.81",REA
1000568,1962-09-04,Closed,1958-03-03,1983-08-12,"241,494.68",RSV
1000569,2004-08-25,Closed,1988-11-02,2021-04-21,"567,464.94",REA
1000570,2004-12-15,Open,1966-05-18,,"786,642.41",RSV
1000571,1964-01-20,Open,1962-03-28,,"204,762.90",DDA
1000572,1990-09-25,Open,1952-07-08,,"933,428.94",RSV
1000573,1964-06-02,Open,1980-12-21,,"239,044.27",LOC
1000574,1999-01-22,Closed,2018-02-12,2025-10-21,"434,820.96",REA
1000575,2006-01-05,Closed,1995-06-07,2016-04-06,"225,369.46",REA
1000576,2018-04-04,Closed,2002-09-02,2035-11-24,"906,402.77",RSV
1000577,1950-11-04,Closed,2008-07-31,1959-05-31,"593,394.00",DDA
1000578,1956-07-14,Closed,2014-06-09,1966-09-15,"198,970.02",LOC
1000579,1981-02-12,Closed,1970-04-24,2001-07-24,"177,116.13",LOC
1000580,1963-02-07,Closed,2001-03-03,1978-09-04,"786,467.52",LOC
1000581,2011-10-08,Closed,2008-08-26,2021-03-26,"920,291.08",DDA
1000582,1958-11-24,Closed,1951-05-02,1960-05-27,"436,739.85",REA
1000583,2003-12-23,Closed,1960-07-09,2013-06-05,"470,848.23",REA
1000584,1955-06-28,Open,2018-04-09,,"818,107.90",LOC
1000585,1985-03-05,Open,1959-07-27,,"519,017.94",RSV
1000586,2003-10-04,Closed,1953-10-27,2026-12-19,"777,795.10",DDA
1000587,1980-04-30,Closed,1981-06-25,1999-11-15,"613,156.96",RSV
1000588,1959-09-01,Open,1961-10-29,,"453,979.04",DDA
1000589,1975-12-01,Closed,1953-10-11,1976-10-12,"295,757.79",DDA
1000590,1995-05-01,Open,1960-01-09,,"231,820.28",DDA
1000591,1952-01-17,Closed,2003-05-23,1953-02-22,"898,321.31",LOC
1000592,2011-05-07,Closed,1991-05-10,2021-08-29,"385,645.09",DDA
1000593,1961-10-24,Open,2002-03-23,,"827,589.64",RSV
1000594,2012-05-18,Open,1971-05-15,,"72,505.23",DDA
1000595,2017-12-16,Open,2001-10-03,,"823,558.35",RSV
1000596,1976-09-02,Open,2007-11-29,,"894,131.45",LOC
1000597,1962-01-29,Closed,1982-10-18,1978-04-11,"460,939.90",REA
1000598,1957-03-20,Closed,2018-08-13,1975-06-15,"75,639.09",REA
1000599,2010-08-23,Closed,1999-12-29,2030-07-14,"525,224.97",LOC
1000600,1962-02-22,Closed,1991-11-09,1975-05-19,"744,403.66",LOC
1000601,1954-08-28,Open,1978-07-01,,"529,099.38",REA
1000602,1992-05-07,Open,2011-12-21,,"446,875.89",REA
1000603,1977-07-22,Closed,1993-09-21,1996-12-18,"522,955.22",RSV
1000604,2004-03-12,Closed,1968-09-22,2013-05-29,"17,442.85",REA
1000605,2006-11-15,Open,1950-06-08,,"763,828.36",LOC
1000606,1953-10-26,Closed,2000-12-07,1958-03-17,"485,732.77",DDA
1000607,1957-03-09,Open,1955-05-19,,"149,893.87",LOC
1000608,1988-02-06,Closed,2012-08-17,1999-08-17,"320,577.99",LOC
1000609,2000-03-03,Closed,1982-04-21,2021-01-17,"389,039.09",LOC
1000610,2013-08-11,Open,1957-06-01,,"997,096.37",LOC
1000611,1992-02-05,Closed,1990-09-19,1995-04-23,"386,971.92",RSV
1000612,1966-04-12,Open,2006-04-08,,"215,825.67",DDA
1000613,2006-11-27,Closed,2008-11-06,2012-05-08,"86,121.34",DDA
1000614,1991-10-29,Open,1998-05-25,,"605,803.14",REA
1000615,1953-03-20,Open,2007-04-04,,"349,870.10",LOC
1000616,1995-07-10,Closed,1984-12-09,2014-07-08,"958,637.86",LOC
1000617,1992-08-21,Open,1961-04-04,,"906,866.30",DDA
1000618,1965-04-19,Open,1978-01-28,,"965,584.86",RSV
1000619,2009-01-15,Closed,1988-09-28,2032-09-22,"638,772.63",REA
1000620,1984-07-19,Closed,1976-11-14,2011-05-14,"81,300.99",LOC
1000621,2018-10-20,Closed,1986-06-09,2036-02-15,"372,481.59",LOC
1000622,1970-07-08,Open,2004-06-30,,"429,901.41",DDA
1000623,2012-03-10,Closed,1995-09-01,2034-10-14,"837,965.46",LOC
1000624,2014-04-18,Closed,1988-07-16,2027-12-28,"27,552.34",DDA
1000625,1994-11-06,Closed,2005-08-08,2018-04-10,"535,602.88",REA
1000626,1996-11-05,Closed,1977-05-01,2001-10-11,"705,445.41",RSV
1000627,1974-02-19,Closed,1996-10-20,1988-06-16,"205,514.72",RSV
1000628,2004-10-05,Closed,2008-09-25,2031-01-03,"718,950.09",REA
1000629,1971-10-13,Closed,1959-04-26,1971-10-30,"313,289.11",REA
1000630,1955-02-01,Open,2002-02-16,,"220,086.34",RSV
1000631,1974-08-03,Open,1978-07-19,,"659,124.68",RSV
1000632,1962-06-06,Open,1971-12-05,,"682,518.43",REA
1000633,1998-01-29,Open,1955-04-28,,"233,474.79",RSV
1000634,1974-07-31,Open,1966-09-01,,"767,137.52",RSV
1000635,2015-09-12,Open,1966-12-02,,"473,604.35",LOC
1000636,1980-10-26,Closed,1977-01-16,2008-02-25,"679,186.40",LOC
1000637,2015-10-17,Open,2017-07-18,,"333,377.41",DDA
1000638,1993-02-24,Closed,1954-08-21,2002-06-16,"139,513.02",LOC
1000639,1999-12-17,Closed,1951-08-29,2023-05-29,"276,435.82",LOC
1000640,1994-09-05,Closed,1986-01-25,2000-05-02,"57,312.78",REA
1000641,1959-09-13,Closed,1990-07-30,1967-12-28,"251,819.28",REA
1000642,1970-01-22,Open,2003-06-13,,"595,648.65",DDA
1000643,1992-06-25,Open,1984-03-02,,"333,299.39",RSV
1000644,1951-11-08,Closed,2001-10-09,1971-04-14,"291,038.76",RSV
1000645,1979-05-28,Closed,1984-11-24,2004-03-08,"624,985.80",LOC
1000646,1999-04-04,Open,1998-10-29,,"348,978.36",REA
1000647,1991-09-20,Open,2004-11-22,,"171,372.27",LOC
1000648,1958-05-30,Open,1998-07-20,,"785,953.87",DDA
1000649,1990-01-09,Open,1979-01-16,,"340,615.31",RSV
1000650,1971-06-05,Open,2008-09-30,,"733,427.86",DDA
1000651,1999-03-09,Closed,1970-02-04,2025-04-25,"102,325.62",DDA
1000652,2014-05-22,Open,2014-05-20,,"998,037.57",RSV
1000653,1985-07-21,Closed,1951-03-07,1985-11-25,"310,664.02",DDA
1000654,1973-02-18,Closed,1989-09-22,1999-06-23,"918,168.31",DDA
1000655,1997-03-24,Open,2016-04-14,,"874,201.26",DDA
1000656,1978-02-22,Open,2010-05-18,,"236,777.89",RSV
1000657,2001-11-02,Open,1989-03-16,,"552,517.88",REA
1000658,1961-05-22,Closed,1951-02-22,1964-07-28,"395,810.92",REA
1000659,1951-07-09,Closed,1990-08-18,1961-12-05,"708,760.82",RSV
1000660,1983-09-05,Closed,1975-06-04,1987-08-08,"925,335.92",LOC
1000661,1995-11-01,Open,1989-01-05,,"582,413.32",DDA
1000662,1972-01-22,Open,2011-04-20,,"29,689.04",LOC
1000663,2006-04-16,Closed,1976-06-20,2015-07-19,"572,174.30",RSV
1000664,2014-12-04,Open,1967-05-21,,"938,616.83",RSV
1000665,2009-09-25,Closed,1984-06-12,2022-12-23,"785,088.14",RSV
1000666,1976-06-12,Closed,1979-04-04,1994-02-16,"495,560.41",REA
1000667,2003-05-08,Open,1984-06-26,,"50,731.37",LOC
1000668,2008-01-29,Open,1951-06-17,,"270,124.99",DDA
1000669,1975-10-23,Closed,1969-10-25,1997-05-03,"805,794.04",REA
1000670,1995-11-10,Closed,2008-09-02,1999-12-16,"802,881.36",RSV
1000671,1981-08-04,Open,1983-11-01,,"162,521.17",DDA
1000672,2007-01-17,Closed,1999-03-07,2011-11-24,"711,787.00",RSV
1000673,1978-04-19,Open,1999-08-28,,"307,524.99",LOC
1000674,1951-09-17,Open,1951-01-14,,"583,913.78",REA
1000675,2002-06-16,Closed,1998-12-21,2016-08-11,"194,656.80",DDA
1000676,1968-04-16,Open,1969-03-17,,"950,461.08",DDA
1000677,1966-07-21,Open,1971-10-15,,"883,813.94",DDA
1000678,1978-03-30,Open,2013-01-29,,"397,717.36",LOC
1000679,1971-04-08,Open,1978-07-18,,"325,070.72",REA
1000680,1957-05-11,Closed,1966-05-22,1960-08-05,"395,954.70",LOC
1000681,1953-05-29,Closed,1963-12-28,1979-02-27,"475,445.19",LOC
1000682,1998-10-21,Closed,2006-12-07,2008-05-07,"175,117.46",RSV
1000683,1988-08-14,Open,1983-06-12,,"189,315.72",LOC
1000684,1952-08-18,Closed,1956-03-28,1975-04-24,"92,938.65",REA
1000685,1978-10-02,Open,1989-01-30,,"791,316.73",RSV
1000686,1957-10-27,Open,2005-06-17,,"933,204.25",LOC
1000687,1991-05-12,Open,1986-11-10,,"244,154.00",RSV
1000688,2015-08-06,Open,1968-02-26,,"276,601.10",DDA
1000689,1978-03-12,Open,1975-03-29,,"738,592.26",LOC
1000690,1996-08-14,Open,1951-07-27,,"322,153.88",DDA
1000691,1976-07-29,Open,1983-08-30,,"220,110.19",RSV
1000692,1965-02-19,Closed,2009-11-10,1979-08-06,"847,549.57",RSV
1000693,1974-10-21,Closed,1963-08-19,1986-07-02,"726,449.06",REA
1000694,1986-02-10,Closed,1983-11-08,2007-01-11,"986,438.46",LOC
1000695,1975-03-06,Open,1983-06-14,,"451,195.46",LOC
1000696,1997-05-02,Open,2001-11-30,,"493,244.62",DDA
1000697,1956-12-10,Open,1964-08-27,,"388,558.02",RSV
1000698,2005-05-21,Closed,1956-12-26,2008-11-01,"34,257.32",RSV
1000699,2017-04-10,Closed,1965-06-23,2039-11-17,"746,586.12",LOC
1000700,1974-05-08,Closed,1959-10-10,1976-12-11,"40,980.78",REA
1000701,1975-10-22,Closed,1955-02-20,1984-06-17,"214,771.57",REA
1000702,2005-04-28,Closed,1986-05-21,2009-05-21,"928,400.06",LOC
1000703,1981-06-09,Closed,2011-08-21,1998-09-10,"701,101.41",LOC
1000704,1961-07-08,Open,1950-11-23,,"796,401.29",RSV
1000705,1970-04-23,Open,2011-04-28,,"484,442.11",RSV
1000706,1998-10-16,Closed,1963-02-05,2021-02-03,"651,360.98",REA
1000707,1980-12-25,Closed,1961-08-05,1984-06-26,"249,760.08",DDA
1000708,1986-02-06,Open,2006-05-02,,"406,958.68",DDA
1000709,1993-02-09,Open,1952-04-08,,"27,633.89",RSV
1000710,1990-11-17,Open,1981-05-23,,"168,284.32",LOC
1000711,1955-07-24,Open,1980-01-22,,"700,471.35",RSV
1000712,1973-03-02,Open,1995-07-21,,"560,120.48",REA
1000713,2006-08-25,Closed,1956-03-18,2023-08-16,"382,794.45",RSV
1000714,2003-09-06,Open,2005-07-31,,"723,847.06",RSV
1000715,1971-04-02,Closed,2016-07-20,1987-04-03,"653,300.64",LOC
1000716,1976-02-14,Open,2000-08-05,,"803,758.70",DDA
1000717,2019-01-03,Open,1958-12-01,,"925,979.95",RSV
1000718,2001-03-25,Open,1991-08-29,,"55,643.21",LOC
1000719,1977-02-01,Closed,1952-12-25,1998-12-17,"252,301.88",LOC
1000720,1963-10-18,Open,1985-06-19,,"212,249.98",DDA
1000721,1950-12-23,Closed,1980-05-07,1963-04-06,"738,085.58",LOC
1000722,1956-07-15,Closed,2006-05-05,1957-07-08,"278,310.37",REA
1000723,1995-07-11,Closed,1950-08-15,2017-11-02,"919,546.57",DDA
1000724,1987-05-14,Open,2007-06-14,,"756,682.49",RSV
1000725,2005-04-28,Closed,1984-08-21,2014-08-28,"768,233.06",LOC
1000726,1975-08-20,Closed,1987-12-15,1982-06-20,"416,400.40",DDA
1000727,1959-07-13,Closed,2015-02-02,1962-03-28,"543,475.29",LOC
1000728,1961-08-16,Open,2005-09-03,,"177,290.51",DDA
1000729,1989-10-23,Open,2009-04-27,,"144,745.47",REA
1000730,1951-11-11,Closed,2012-01-26,1976-08-23,"703,686.88",LOC
1000731,2000-05-27,Open,2011-03-20,,"487,166.41",DDA
1000732,1998-10-24,Closed,2016-10-04,2009-04-05,"897,369.70",RSV
1000733,1981-06-29,Closed,1986-07-25,1997-01-02,"534,297.32",LOC
1000734,1976-10-25,Open,1968-04-16,,"388,725.17",RSV
1000735,1977-05-07,Open,1983-10-27,,"153,942.84",DDA
1000736,1979-11-04,Open,2012-02-21,,"326,420.44",DDA
1000737,1959-07-08,Closed,1978-11-23,1962-04-01,"405,466.70",RSV
1000738,2018-09-12,Closed,1956-07-14,2019-11-01,"353,506.63",RSV
1000739,1952-02-17,Open,1991-11-07,,"991,747.41",REA
1000740,2006-08-09,Open,1974-11-25,,"420,884.39",RSV
1000741,2010-09-24,Closed,1984-01-21,2033-12-23,"760,494.70",LOC
1000742,1950-11-05,Open,1997-07-29,,"900,548.15",LOC
1000743,1984-05-03,Closed,1972-11-26,1989-01-31,"702,116.01",RSV
1000744,2013-03-26,Closed,2006-10-25,2016-11-12,"991,012.08",DDA
1000745,1985-11-17,Open,1975-08-02,,"655,205.81",LOC
1000746,1973-08-12,Closed,1972-02-04,1990-02-11,"12,155.63",REA
1000747,1960-06-25,Open,1970-05-09,,"97,005.76",REA
1000748,1962-02-12,Closed,2005-08-31,1963-05-05,"788,322.36",DDA
1000749,1976-11-17,Closed,1956-12-09,2000-07-29,"134,825.48",RSV
1000750,1973-09-16,Open,1965-01-11,,"205,839.10",LOC
1000751,1968-04-04,Open,1987-06-01,,"328,600.82",DDA
1000752,1975-04-29,Open,2011-01-02,,"576,494.76",LOC
1000753,1962-05-25,Closed,1973-10-01,1964-07-28,"945,063.53",DDA
1000754,1956-03-26,Open,1968-06-11,,"284,402.64",REA
1000755,1989-04-02,Open,1990-02-24,,"573,834.32",RSV
1000756,1999-11-17,Closed,2002-12-03,2005-08-16,"31,007.25",DDA
1000757,2011-12-02,Open,2011-04-09,,"828,799.44",DDA
1000758,1992-03-17,Closed,1951-02-16,2011-04-06,"427,119.44",LOC
1000759,2005-12-25,Open,1974-09-24,,"537,750.10",DDA
1000760,1963-05-23,Open,1977-01-11,,"240,786.25",DDA
1000761,2000-06-17,Open,1997-05-19,,"245,686.92",LOC
1000762,2008-08-22,Open,1967-10-03,,"77,213.89",REA
1000763,2009-04-17,Open,1950-09-09,,"112,612.70",LOC
1000764,2010-03-07,Open,1969-06-27,,"737,324.70",LOC
1000765,1967-06-24,Closed,2003-06-05,1968-01-29,"514,682.54",LOC
1000766,1986-04-02,Closed,1967-05-28,2003-09-21,"825,265.72",LOC
1000767,1997-10-24,Open,1993-02-07,,"444,571.41",REA
1000768,1977-04-11,Open,1971-11-09,,"264,456.20",REA
1000769,2016-11-13,Closed,1951-09-10,2030-07-08,"20,964.21",RSV
1000770,1976-10-24,Closed,1995-04-24,1998-11-26,"338,112.93",DDA
1000771,1984-10-07,Closed,2016-08-02,2001-02-05,"202,492.11",DDA
1000772,1973-03-16,Open,1980-07-23,,"800,475.46",DDA
1000773,2010-09-20,Open,1962-11-19,,"217,925.52",REA
1000774,1988-03-06,Open,1973-07-29,,"719,194.96",DDA
1000775,1976-08-10,Open,1960-01-26,,"695,515.89",DDA
1000776,1967-10-14,Open,1959-12-04,,"930,764.34",DDA
1000777,1964-10-20,Closed,1981-01-04,1972-05-20,"253,647.81",LOC
1000778,1950-02-08,Closed,1994-09-29,1961-12-27,"245,878.42",RSV
1000779,1984-09-24,Open,1962-11-16,,"782,873.05",RSV
1000780,1971-04-07,Open,1997-07-12,,"98,829.92",LOC
1000781,1951-08-30,Open,1997-08-26,,"139,093.44",REA
1000782,2002-03-08,Open,1996-02-09,,"427,040.67",DDA
1000783,1999-02-22,Closed,1952-04-03,2012-11-13,"503,321.67",DDA
1000784,2014-07-08,Closed,2006-04-13,2036-06-21,"319,738.85",DDA
1000785,1970-02-24,Open,1996-01-12,,"323,069.94",LOC
1000786,1962-09-22,Closed,2012-10-06,1981-04-21,"968,103.70",RSV
1000787,1979-11-01,Closed,1966-11-21,1994-10-03,"316,865.28",DDA
1000788,1973-01-28,Closed,1993-04-13,1986-01-28,"889,937.88",REA
1000789,2014-04-14,Closed,2011-02-14,2017-05-27,"622,961.50",LOC
1000790,1983-03-31,Open,2014-10-11,,"880,465.36",LOC
1000791,1996-08-27,Open,1961-02-27,,"200,748.68",RSV
1000792,1988-04-22,Closed,1996-07-11,2004-03-07,"437,464.16",DDA
1000793,1977-09-03,Closed,1961-07-31,1997-10-21,"449,670.98",REA
1000794,1981-08-16,Open,1980-12-15,,"571,643.81",DDA
1000795,1953-03-09,Open,1973-12-25,,"947,958.62",RSV
1000796,1997-10-06,Open,2011-09-20,,"508,367.32",DDA
1000797,1989-05-06,Closed,2001-09-27,2006-12-15,"751,710.62",DDA
1000798,1981-11-12,Open,2009-03-14,,"747,669.48",RSV
1000799,1961-10-29,Open,1982-10-21,,"131,549.69",REA
1000800,1984-06-27,Open,1960-05-17,,"857,738.04",LOC
1000801,1993-04-01,Closed,1996-03-27,2014-05-10,"250,415.85",DDA
1000802,1986-10-19,Open,2014-12-29,,"820,665.83",DDA
1000803,1986-11-06,Closed,1980-11-22,2008-07-11,"949,719.19",RSV
1000804,2009-10-04,Open,1998-09-18,,"266,803.30",LOC
1000805,2013-10-13,Open,1962-05-07,,"547,906.30",REA
1000806,1956-10-31,Closed,1989-08-16,1980-10-31,"198,381.46",LOC
1000807,1988-04-20,Closed,2003-01-14,2003-04-10,"697,413.07",RSV
1000808,1990-01-27,Open,1968-05-03,,"740,101.71",REA
1000809,2017-10-04,Closed,1988-04-13,2018-02-04,"607,566.74",REA
1000810,1964-06-19,Open,1951-07-01,,"815,957.80",LOC
1000811,1993-06-26,Closed,1983-04-18,2015-10-13,"683,945.66",REA
1000812,2007-01-22,Open,1981-08-08,,"389,831.72",DDA
1000813,2002-10-27,Open,1953-10-25,,"927,338.10",LOC
1000814,1967-12-22,Open,1978-03-12,,"611,093.03",DDA
1000815,1992-04-08,Closed,1983-08-22,2010-03-01,"534,937.78",RSV
1000816,1992-05-08,Open,1970-06-24,,"796,214.84",RSV
1000817,2013-12-02,Closed,1992-07-23,2034-01-30,"599,456.91",DDA
1000818,1991-06-28,Open,1997-06-06,,"440,999.15",LOC
1000819,2013-10-10,Closed,1956-02-13,2035-04-23,"964,066.91",DDA
1000820,1990-12-06,Open,1950-09-08,,"670,429.61",DDA
1000821,1999-12-05,Open,1959-03-14,,"284,254.74",REA
1000822,1968-04-22,Open,2016-05-21,,"390,774.76",RSV
1000823,2001-10-19,Closed,1991-05-28,2017-09-10,"751,465.13",REA
1000824,1972-09-29,Open,1968-11-21,,"504,406.50",RSV
1000825,2011-04-14,Open,1956-11-20,,"190,591.41",REA
1000826,1957-07-01,Open,1950-02-02,,"870,668.71",RSV
1000827,1994-01-19,Open,2011-04-30,,"986,232.81",REA
1000828,2001-01-18,Closed,1973-04-03,2014-10-04,"517,147.76",LOC
1000829,2004-05-06,Open,1979-12-27,,"369,973.48",LOC
1000830,2003-02-11,Closed,1969-10-15,2006-12-16,"290,435.09",LOC
1000831,2006-02-14,Open,1975-05-11,,"620,417.18",LOC
1000832,1951-03-05,Closed,1989-06-29,1963-06-02,"106,163.60",REA
1000833,2000-09-09,Open,1963-02-16,,"567,589.32",DDA
1000834,1987-02-27,Closed,1973-01-01,2011-12-25,"986,454.61",DDA
1000835,2007-01-26,Closed,1968-11-05,2014-02-04,"77,598.77",LOC
1000836,1967-01-29,Open,1969-08-12,,"879,007.74",REA
1000837,1994-12-26,Open,1953-07-04,,"608,549.15",LOC
1000838,1979-09-17,Closed,2006-03-16,1995-06-07,"99,208.94",DDA
1000839,1952-04-30,Open,1975-02-05,,"693,735.65",DDA
1000840,2007-04-22,Open,1981-05-07,,"743,628.78",RSV
1000841,2004-12-30,Open,1981-07-21,,"633,247.50",DDA
1000842,1956-05-01,Open,1991-01-21,,"757,852.34",DDA
1000843,1957-10-07,Closed,1966-08-26,1976-01-24,"337,335.83",RSV
1000844,1989-08-18,Closed,1981-10-31,1996-10-20,"339,593.41",LOC
1000845,1988-02-09,Closed,1993-02-05,2013-07-06,"697,828.01",DDA
1000846,1956-12-14,Closed,2014-05-22,1967-05-17,"744,981.24",RSV
1000847,1957-04-03,Open,1977-02-14,,"734,441.01",LOC
1000848,1987-01-25,Closed,1990-04-07,1998-06-08,"889,241.45",LOC
1000849,2006-08-25,Closed,1961-04-27,2015-02-18,"337,200.24",REA
1000850,1959-10-19,Open,1955-10-18,,"89,403.79",RSV
1000851,1995-09-14,Open,1953-11-25,,"883,935.18",DDA
1000852,1963-04-16,Closed,1995-01-27,1988-11-01,"362,336.92",RSV
1000853,1982-03-30,Open,1970-08-06,,"231,301.06",RSV
1000854,1994-02-06,Closed,1966-12-22,2017-09-29,"954,707.35",RSV
1000855,1969-11-03,Closed,1997-11-23,1986-11-12,"307,121.55",REA
1000856,1973-02-09,Open,2012-03-10,,"650,650.79",RSV
1000857,2016-02-24,Open,1981-07-15,,"233,749.67",DDA
1000858,1953-10-08,Open,1987-04-22,,"833,828.35",RSV
1000859,1959-03-31,Open,1997-07-11,,"461,647.34",DDA
1000860,2005-08-16,Closed,1981-11-03,2012-11-21,"876,664.00",LOC
1000861,1995-07-22,Open,1959-09-24,,"319,347.86",REA
1000862,1989-03-05,Closed,1970-06-10,1994-01-08,"783,774.79",RSV
1000863,1990-09-19,Closed,1964-02-22,1991-12-02,"927,812.08",LOC
1000864,2008-12-14,Closed,1979-04-02,2023-10-23,"49,565.14",RSV
1000865,2018-05-22,Closed,1975-01-01,2044-08-07,"931,181.47",REA
1000866,1980-10-29,Closed,1980-03-20,1992-05-24,"865,191.61",LOC
1000867,1951-04-13,Open,1974-05-07,,"683,491.05",DDA
1000868,2003-07-25,Open,1967-03-02,,"183,080.76",RSV
1000869,2002-03-31,Open,1969-02-17,,"605,692.15",DDA
1000870,1971-05-09,Closed,2009-06-27,1977-04-21,"213,897.38",DDA
1000871,2002-09-22,Open,1963-09-21,,"493,974.81",RSV
1000872,1960-01-16,Open,1980-08-29,,"470,638.69",RSV
1000873,1987-10-10,Open,1990-06-21,,"964,630.77",RSV
1000874,1975-11-09,Open,2001-10-16,,"281,853.04",LOC
1000875,2013-11-09,Open,1981-04-27,,"258,140.60",DDA
1000876,2017-03-23,Open,1993-12-27,,"700,327.15",LOC
1000877,1988-12-15,Open,1951-01-22,,"686,983.76",LOC
1000878,1970-08-23,Closed,2001-03-12,1978-10-10,"972,097.75",DDA
1000879,1960-06-26,Open,1993-05-10,,"321,293.72",REA
1000880,1961-12-28,Closed,1969-05-27,1981-10-27,"910,351.35",RSV
1000881,1986-03-20,Closed,1951-11-16,1990-10-29,"907,687.01",REA
1000882,1978-12-25,Open,1963-05-01,,"578,595.31",LOC
1000883,2018-02-06,Closed,1981-02-22,2038-11-05,"422,573.95",LOC
1000884,1955-09-02,Open,1968-01-19,,"941,084.76",DDA
1000885,2007-12-22,Open,1977-02-24,,"515,165.70",RSV
1000886,1973-02-25,Closed,1975-11-02,1998-04-11,"584,222.88",LOC
1000887,1985-11-24,Open,1995-07-20,,"849,248.03",DDA
1000888,1968-12-22,Closed,1970-09-01,1981-05-18,"275,009.44",DDA
1000889,2014-10-02,Closed,1954-10-30,2032-09-27,"897,451.32",REA
1000890,1950-12-23,Open,1992-04-12,,"252,368.30",RSV
1000891,2002-11-06,Open,2009-08-08,,"784,240.40",REA
1000892,1971-07-27,Open,1987-07-03,,"327,273.84",REA
1000893,1981-01-08,Closed,1964-12-29,1992-10-26,"180,011.89",RSV
1000894,2012-01-01,Open,2003-11-04,,"867,761.40",RSV
1000895,1970-12-15,Open,1967-05-28,,"557,355.39",RSV
1000896,1970-06-23,Closed,1981-11-05,1970-11-13,"300,189.79",LOC
1000897,1952-01-20,Closed,2010-07-06,1957-12-05,"90,264.04",DDA
1000898,1956-07-14,Closed,2009-10-14,1973-11-26,"648,321.51",DDA
1000899,2007-01-29,Open,1982-07-08,,"339,150.16",REA
1000900,2010-10-20,Open,1954-12-28,,"101,334.08",REA
1000901,1984-03-25,Open,1994-10-29,,"386,165.99",RSV
1000902,1996-06-26,Closed,2012-12-08,2011-11-30,"949,105.08",DDA
1000903,1989-08-18,Open,1962-03-02,,"775,656.35",REA
1000904,1963-11-20,Open,1956-10-31,,"702,114.95",RSV
1000905,2009-06-02,Closed,1998-07-16,2013-05-08,"813,458.74",RSV
1000906,1958-10-15,Open,2018-10-12,,"201,454.39",REA
1000907,1967-08-31,Closed,2016-12-10,1986-11-21,"724,437.85",REA
1000908,1974-05-22,Open,1970-09-15,,"707,644.65",REA
1000909,1955-07-26,Open,2006-11-25,,"941,224.63",REA
1000910,1950-06-07,Open,1978-12-20,,"336,547.29",REA
1000911,1950-11-27,Open,1967-10-20,,"432,000.49",RSV
1000912,2000-04-10,Closed,1982-08-14,2002-03-06,"253,880.91",RSV
1000913,1955-09-15,Open,1961-03-23,,"643,972.93",RSV
1000914,1980-12-08,Open,1973-01-07,,"287,401.39",REA
1000915,2012-11-05,Open,1959-08-06,,"631,044.38",RSV
1000916,1956-02-10,Open,2002-07-06,,"535,253.12",RSV
1000917,1960-05-22,Closed,1953-08-17,1971-10-05,"811,903.01",LOC
1000918,2017-09-23,Closed,1959-03-06,2033-05-15,"907,303.28",REA
1000919,2017-04-09,Closed,1977-02-25,2027-07-02,"366,293.44",DDA
1000920,2006-09-07,Closed,1997-03-07,2022-09-12,"104,132.98",REA
1000921,2009-02-05,Closed,1964-12-25,2015-07-24,"689,730.82",DDA
1000922,2018-05-21,Closed,1998-10-07,2040-04-02,"226,864.56",DDA
1000923,2013-02-16,Closed,1989-12-30,2029-10-08,"362,927.12",LOC
1000924,1975-05-08,Closed,1975-05-21,1997-10-12,"854,025.90",DDA
1000925,1950-11-11,Closed,1976-01-24,1973-10-15,"84,122.21",RSV
1000926,1973-04-28,Closed,1996-02-13,1990-10-27,"14,374.93",DDA
1000927,2001-08-16,Open,1950-04-04,,"174,442.12",DDA
1000928,2002-05-29,Open,1991-12-06,,"42,731.70",REA
1000929,2007-12-08,Open,1967-10-09,,"226,233.64",REA
1000930,1983-04-17,Closed,2006-07-16,2004-05-30,"715,343.73",RSV
1000931,1957-03-30,Closed,1999-09-14,1963-07-24,"822,935.58",RSV
1000932,2014-05-09,Open,2003-02-13,,"336,917.64",RSV
1000933,1968-10-05,Open,2016-10-14,,"695,770.18",LOC
1000934,1954-08-31,Open,1963-03-28,,"460,778.32",REA
1000935,1981-10-12,Open,1968-03-07,,"86,531.95",LOC
1000936,1953-03-31,Closed,1964-09-27,1955-01-05,"240,830.08",LOC
1000937,2011-03-04,Open,1957-05-01,,"394,878.75",DDA
1000938,1987-12-20,Open,1957-05-11,,"574,398.32",REA
1000939,1961-11-25,Open,1972-11-15,,"420,548.17",RSV
1000940,1965-10-10,Open,1982-01-09,,"198,337.63",DDA
1000941,2006-05-24,Open,1959-12-15,,"708,603.48",REA
1000942,1967-03-18,Closed,2008-04-19,1973-04-25,"327,672.39",DDA
1000943,1997-04-03,Closed,1998-10-12,2023-12-14,"585,845.04",DDA
1000944,1990-11-07,Open,1961-11-29,,"469,716.56",DDA
1000945,1960-12-15,Open,1952-03-08,,"10,127.14",REA
1000946,1975-03-13,Closed,1998-03-06,1992-08-02,"200,147.49",DDA
1000947,1964-04-15,Open,1951-01-03,,"887,751.66",DDA
1000948,2007-06-03,Closed,1974-11-15,2021-04-14,"296,008.94",LOC
1000949,2003-02-01,Closed,2011-04-23,2009-12-11,"207,437.00",REA
1000950,2002-01-31,Closed,2016-07-28,2004-08-21,"364,864.24",DDA
1000951,2016-02-15,Open,1997-06-18,,"523,530.44",RSV
1000952,2003-01-28,Open,2001-01-22,,"711,681.14",REA
1000953,1970-09-13,Closed,1968-07-19,1995-09-28,"947,956.43",RSV
1000954,1950-03-04,Open,1981-02-14,,"807,753.21",REA
1000955,1975-08-22,Open,2003-08-28,,"364,856.96",RSV
1000956,1952-10-01,Open,1996-05-19,,"295,043.57",REA
1000957,1957-08-26,Closed,2010-10-28,1984-09-12,"424,731.75",RSV
1000958,1987-05-29,Open,1983-01-01,,"552,542.37",RSV
1000959,1966-08-21,Closed,1973-01-02,1991-04-26,"801,619.23",LOC
1000960,1963-01-24,Open,2013-04-15,,"705,444.12",LOC
1000961,1969-10-28,Closed,2017-09-28,1996-10-24,"22,893.72",RSV
1000962,1962-08-16,Closed,1994-02-07,1967-06-12,"51,775.08",RSV
1000963,1967-05-06,Closed,2014-12-12,1988-04-15,"143,415.03",LOC
1000964,1959-08-07,Closed,2015-02-24,1967-11-20,"46,697.18",DDA
1000965,2006-09-19,Closed,2014-10-25,2028-04-26,"740,991.44",RSV
1000966,1978-04-16,Open,1989-01-31,,"920,886.03",RSV
1000967,1997-05-01,Open,2001-07-03,,"990,902.66",REA
1000968,1984-02-18,Closed,1970-01-05,2004-08-20,"679,510.91",RSV
1000969,1991-03-29,Closed,1998-08-04,2015-03-07,"664,713.91",RSV
1000970,1999-03-16,Closed,1996-03-04,1999-06-21,"752,061.63",REA
1000971,1987-11-01,Open,1989-01-16,,"474,534.93",DDA
1000972,1953-07-01,Closed,1955-09-10,1965-03-12,"87,840.89",RSV
1000973,1991-11-19,Closed,2010-02-28,2012-01-29,"172,504.76",REA
1000974,2004-10-26,Closed,1991-08-14,2023-02-23,"745,758.95",DDA
1000975,1987-08-08,Closed,2008-11-26,1990-02-28,"81,204.67",DDA
1000976,1983-06-12,Closed,2015-05-09,2006-07-08,"708,177.69",LOC
1000977,1965-04-10,Open,1957-12-03,,"230,311.47",REA
1000978,1977-07-30,Open,1992-07-25,,"805,255.76",LOC
1000979,2008-10-19,Closed,1989-06-10,2031-06-30,"987,529.32",LOC
1000980,2007-01-25,Open,1959-10-02,,"814,615.78",LOC
1000981,1980-02-17,Open,1961-06-01,,"630,073.00",REA
1000982,1995-05-19,Open,1958-12-27,,"153,750.91",LOC
1000983,1975-11-14,Open,1965-06-26,,"911,095.31",REA
1000984,1955-09-02,Open,1966-08-08,,"542,066.44",RSV
1000985,1998-12-12,Closed,1999-10-17,2019-09-25,"969,069.57",LOC
1000986,1952-03-25,Open,2005-02-14,,"959,602.60",LOC
1000987,2017-08-11,Closed,2014-11-24,2042-12-17,"246,546.31",LOC
1000988,1973-04-15,Closed,1963-04-20,1974-06-12,"127,190.42",LOC
1000989,1952-02-27,Open,1968-07-11,,"795,737.92",RSV
1000990,1958-10-21,Open,1974-04-17,,"882,025.54",REA
1000991,1982-03-13,Closed,2002-06-01,1989-11-18,"300,180.63",REA
1000992,1951-11-24,Open,1970-01-10,,"916,345.76",REA
1000993,2018-10-15,Open,1965-01-22,,"428,011.26",REA
1000994,1988-03-03,Closed,2004-09-18,2000-05-22,"796,233.03",RSV
1000995,1970-07-01,Open,2010-05-01,,"793,598.99",LOC
1000996,1980-07-17,Closed,2013-03-13,2003-09-04,"699,380.38",DDA
1000997,1995-05-15,Open,2009-05-03,,"608,094.08",DDA
1000998,1977-05-06,Open,2006-12-11,,"592,513.67",REA
1000999,2002-09-08,Closed,1954-01-10,2008-12-27,"572,329.69",LOC
1001000,1957-04-22,Open,2018-10-30,,"965,926.87",REA
