Account_ID,Account_ID_2,Trace_Wire_ID,Transaction_Date,Transaction_Amount,Transaction_Descrip,Transaction_Code,DC
1000000,1000211,867616,2007-08-28,217466.99,RECHARACTERIZED IRA CONTR-PARTIAL DR REV,9268,D
1000000,1000206,482578,2013-07-31,459151.35,SWS ZBA DEBIT TO SUB ACCOUNT,3376,C
1000000,1000244,019069,2004-11-06,648146.90,LOC ADDITIONAL PAYMENT REQUEST,0930,C
1000001,1000196,605278,2002-07-15,114181.35,TRUST TRANSFER DEBIT,3306,D
1000001,1000262,321093,2004-02-06,641057.14,PARTIAL W/D-W/PENALTY-DISABILITY DIST,6177,C
1000001,1000126,426520,2005-01-31,345100.45,VAULT CASH & CHECK DEPOSIT,9447,C
1000002,1000313,959619,2007-01-07,9900.45,VISA PIN PURCHASE WITH CASH BACK REV,4784,C
1000002,1000138,770910,2007-01-08,9900.09,EMPLOYER/SEPP OPENING DEPOSIT - PRIOR YR,5483,C
1000002,1000258,010702,2007-01-09,9900.07,REVERSE EARLY CLOSEOUT FEE,9634,D
1000003,1000003,656027,2006-05-01,156104.39,DEPOSITED ITEM RETURNED,9570,C
1000003,1000286,743813,2016-04-24,222715.49,W/D EXCESS CONTR-PRE YR ROTH,0706,D
1000003,1000035,315302,2009-08-27,547127.56,ATM SURCHARGE REBATE,2756,D
1000004,1000178,306580,2013-02-25,857917.63,OVERDRAFT FINANCE CHARGE ACCRUAL,6388,D
1000004,1000195,316854,2014-12-16,358185.31,VAULT CASH & CHECK DEPOSIT,4569,C
1000004,1000024,868383,2004-03-09,647248.60,EMPLOYER/SEPP OPENING DEPOSIT - PRIOR YR,1477,C
1000005,1000213,352849,2002-07-27,497137.06,INSUFFICIENT FUNDS FEE,6568,D
1000005,1000087,840067,2015-03-28,629760.37,VISA PIN PURCHASE WITH CASH BACK REV,1022,D
1000005,1000276,843775,2003-08-19,710623.52,REVERSE EARLY CLOSEOUT FEE,8901,C
1000006,1000027,248845,2006-12-20,308352.72,REVERSE MEMO ANALYSIS CHARGE DIRECT,2087,C
1000006,1000186,318529,2015-10-02,300085.01,W/D EXCESS CONTR-PRE YR ROTH,7047,D
1000006,1000132,459220,2018-10-07,636840.29,OVERDRAFT FINANCE CHARGE ACCRUAL,8755,D
1000007,1000239,645729,2017-04-14,776867.02,ATM SURCHARGE REBATE,8982,C
1000007,1000016,470366,2014-04-19,495627.75,LEASE SEC TEN. YE INT DISB DB ADJ REV,1653,D
1000007,1000277,899885,2018-02-19,864287.43,REV PARTIAL WITHDRAWAL - NORMAL DIST,1616,D
1000008,1000262,210041,2002-05-17,967717.29,W/D PRE YR CONTR-DIR TRANS ROTH,5417,D
1000008,1000120,689041,2002-06-25,130220.47,INT XFER TO 3RD PARTY (DEBIT) - NORMAL,6288,C
1000008,1000245,728831,2017-03-28,718180.77,REVERSE MEMO ANALYSIS CHARGE DIRECT,5706,C
1000009,1000256,531785,2015-04-06,288044.66,REV PARTIAL WITHDRAWAL - NORMAL DIST,2109,D
1000009,1000033,756848,2014-11-10,354664.03,REVERSE MEMO ANALYSIS CHARGE DIRECT,2168,D
1000009,1000185,722684,2013-01-06,367648.25,DEPOSITED ITEM RETURNED,9757,D
1000010,1000149,159705,2012-01-03,33604.14,CDS SIM GENERATED FIXED TRANSFER CREDIT,5207,D
1000010,1000147,411707,2004-08-23,95570.42,OVERDRAFT FINANCE CHARGE ACCRUAL,7016,D
1000010,1000263,697095,2003-11-17,783887.41,VAULT CASH & CHECK DEPOSIT,6691,C
1000011,1000288,213691,2005-04-25,581384.87,LEASE SEC TEN. YE INT DISB DB ADJ REV,2293,D
1000011,1000209,105316,2018-06-19,995288.94,ATM SURCHARGE REBATE,8564,D
1000011,1000051,510864,2014-04-05,552318.56,REVERSE MEMO ANALYSIS CHARGE DIRECT,4538,D
1000012,1000163,413922,2005-02-05,386520.57,REVERSE EARLY CLOSEOUT FEE,8653,D
1000012,1000185,570564,2006-09-12,400412.90,SWS ZBA DEBIT TO SUB ACCOUNT,0149,D
1000012,1000056,726441,2003-03-22,902302.74,INTERIM STATEMENT TRIGGER,8230,D
1000013,1000141,211661,2018-04-05,326128.83,REVERSE OVERDRAFT CHARGE TO ANALYSIS,2157,C
1000013,1000045,315192,2003-08-07,940942.32,REV PARTIAL WITHDRAWAL - NORMAL DIST,9531,C
1000013,1000101,806632,2002-01-09,56527.45,REV WEB CASH ADVANCE FROM CREDIT CARD,6162,D
1000014,1000150,287293,2008-01-07,984078.23,REVERSE MEMO ANALYSIS CHARGE DIRECT,2875,C
1000014,1000185,958679,2016-09-06,295952.06,BATCH UNLINK TRANSACTION,8661,D
1000014,1000159,623390,2018-12-26,220625.13,CDS SIM GENERATED FIXED TRANSFER CREDIT,8979,C
1000015,1000327,571933,2011-11-17,174106.19,EMPLOYER/SEPP OPENING DEPOSIT - PRIOR YR,2671,D
1000015,1000012,577377,2007-08-29,271153.25,REV PARTIAL WITHDRAWAL - NORMAL DIST,4055,C
1000015,1000310,406597,2008-12-16,181006.47,REVERSE ACCIDENT INSURANCE ACCRUAL,5499,D
1000016,1000003,149009,2003-05-02,892322.93,REV PARTIAL WITHDRAWAL - NORMAL DIST,6564,D
1000016,1000205,604571,2009-09-18,822041.71,REV PARTIAL WITHDRAWAL - NORMAL DIST,2960,C
1000016,1000031,123823,2005-09-27,167787.03,W/D PRE YR CONTR-DIR TRANS ROTH,4375,D
1000017,1000108,368723,2018-03-11,410174.40,REV WAIVE ADDON FEE: OVERDRAFT TRANSFERS,4038,C
1000017,1000149,498447,2012-12-27,866040.81,DEPOSITED ITEM RETURNED,8381,C
1000017,1000274,861215,2004-07-18,524351.17,INT XFER TO 3RD PARTY (DEBIT) - NORMAL,9488,D
1000018,1000002,973232,2015-07-25,370275.07,VISA PIN PURCHASE WITH CASH BACK REV,1195,C
1000018,1000192,721034,2002-12-20,359786.63,INTERIM STATEMENT TRIGGER,9285,D
1000018,1000117,686489,2005-09-17,19285.72,REVERSE MEMO ANALYSIS CHARGE DIRECT,4297,D
1000019,1000058,334601,2018-12-28,387541.20,VISA PIN PURCHASE WITH CASH BACK REV,4939,D
1000019,1000306,581762,2012-06-28,106749.56,OVERDRAFT FINANCE CHARGE ACCRUAL,1009,C
1000019,1000003,958698,2012-11-02,894404.46,PARTIAL W/D-W/PENALTY-DISABILITY DIST,8929,C
1000020,1000220,062888,2016-12-13,522585.08,REV PARTIAL WITHDRAWAL - NORMAL DIST,2825,C
1000020,1000162,340552,2012-08-25,868362.41,REVERSE ACCIDENT INSURANCE ACCRUAL,9316,D
1000020,1000001,515996,2008-12-02,854643.77,REVERSE ATM TRANSFER DDA TO SAVINGS,6682,C
1000021,1000326,335458,2004-03-25,896977.81,VISA PIN PURCHASE WITH CASH BACK REV,1530,C
1000021,1000169,195180,2011-11-29,982913.17,REVERSE SERVICE CHARGE - ABF ADV FEE,7082,D
1000021,1000102,766346,2008-11-10,903973.13,PAYOUT TRANSFER CREDIT TO TDA,5296,C
1000022,1000317,505796,2009-04-26,739521.61,INT XFER TO 3RD PARTY (DEBIT) - NORMAL,5450,D
1000022,1000079,789942,2018-10-24,629352.45,OVERDRAFT PROTECTION TRANSFER FEE,1291,C
1000022,1000219,674330,2007-02-02,257354.88,REVERSE EARLY CLOSEOUT FEE,0791,C
1000023,1000206,419261,2004-12-24,976783.03,W/D EXCESS CONTR-PRE YR ROTH,4120,D
1000023,1000123,396536,2002-11-21,570788.42,REVERSE SERVICE CHARGE - ABF ADV FEE,2509,C
1000023,1000160,106176,2012-02-04,484057.07,STATE WITHHOLDING ADJUSTMENT - DEBIT,0523,C
1000024,1000240,049468,2006-02-22,456324.88,ATM SURCHARGE REBATE,0873,D
1000024,1000023,547154,2017-04-09,501083.97,REVERSE ACCIDENT INSURANCE ACCRUAL,5349,C
1000024,1000308,319237,2013-02-14,859217.17,LEASE SEC TEN. YE INT DISB DB ADJ REV,9988,C
1000025,1000314,215842,2008-06-23,221946.29,CREDIT INTEREST TRANSFERRED FROM TDA,0295,C
1000025,1000075,955315,2012-04-13,519110.09,LOC ADDITIONAL PAYMENT REQUEST,5169,C
1000025,1000168,810587,2005-02-23,313434.61,LOC ADDITIONAL PAYMENT REQUEST,1918,D
1000026,1000215,459330,2013-04-01,861765.24,PAYOUT TRANSFER CREDIT TO TDA,3809,D
1000026,1000068,171082,2003-03-25,490708.20,LOC PAYMENT - INTEREST ONLY,7077,C
1000026,1000102,690905,2010-09-06,537985.82,INSUFFICIENT FUNDS FEE,0106,D
1000027,1000079,578172,2009-12-28,257144.42,RECHARACTERIZED IRA CONTR-PARTIAL DR REV,6981,D
1000028,1000212,894221,2013-01-16,120000.88,BANK LEVEL REPORT REQUEST,1538,C
1000028,1000010,843302,2013-01-17,120000.23,PHONE TRANSFER DEPOSIT,7372,D
1000028,1000253,651514,2013-01-18,120000.42,TRUST TRANSFER DEBIT,0867,C
1000028,1000224,885473,2013-01-19,120000.60,LOC ADDITIONAL PAYMENT REQUEST,6626,D
1000028,1000134,988663,2013-01-20,120000.28,VISA PIN PURCHASE WITH CASH BACK REV,1950,D
1000029,1000283,050135,2002-08-10,461673.36,PAYOUT TRANSFER CREDIT TO TDA,1890,D
1000029,1000114,142473,2014-12-06,298695.57,INTERIM STATEMENT TRIGGER,7941,D
1000029,1000300,699827,2018-09-07,140157.04,PARTIAL W/D-W/PENALTY-DISABILITY DIST,2412,D
1000030,1000012,632932,2012-11-11,298574.76,EMPLOYER/SEPP OPENING DEPOSIT - PRIOR YR,0979,D
1000030,1000304,473060,2007-10-21,325211.33,PAYOUT TRANSFER CREDIT TO TDA,6981,C
1000030,1000179,097127,2004-07-13,429353.18,OVERDRAFT PROTECTION TRANSFER FEE,4395,D
1000031,1000109,772973,2009-11-28,369664.30,SWS ZBA DEBIT TO SUB ACCOUNT,9068,D
1000031,1000277,435535,2017-06-01,74651.04,REV WAIVE ADDON FEE: OVERDRAFT TRANSFERS,6993,C
1000031,1000159,973147,2006-09-18,18590.54,PHONE TRANSFER DEPOSIT,6858,D
1000032,1000093,149938,2013-06-16,951189.83,OVERDRAFT FINANCE CHARGE ACCRUAL,5341,D
1000032,1000122,594690,2009-10-12,121569.32,DEPOSITED ITEM RETURNED,3855,C
1000032,1000308,681306,2002-08-12,710138.67,PARTIAL W/D-W/PENALTY-DISABILITY DIST,8993,D
1000033,1000068,191693,2015-09-03,348491.11,REV WEB CASH ADVANCE FROM CREDIT CARD,9015,D
1000033,1000216,660463,2015-01-10,406590.37,OVERDRAFT PROTECTION TRANSFER FEE,3710,C
1000033,1000100,439906,2013-11-28,582815.81,PHONE TRANSFER DEPOSIT,9885,C
1000034,1000143,053702,2014-05-30,356056.11,PAYOUT TRANSFER CREDIT TO TDA,6246,C
1000034,1000282,614333,2015-04-02,296314.89,REVERSE ATM TRANSFER DDA TO SAVINGS,2287,C
1000034,1000110,238962,2011-07-19,901612.48,CREDIT INTEREST TRANSFERRED FROM TDA,6030,D
1000035,1000318,649955,2013-07-22,45641.86,REVERSE ACCIDENT INSURANCE ACCRUAL,5059,C
1000035,1000302,429630,2016-10-22,673181.78,SWS ZBA DEBIT TO SUB ACCOUNT,8027,D
1000035,1000276,386926,2016-04-17,169752.54,PAYOUT TRANSFER CREDIT TO TDA,7745,D
1000036,1000225,218519,2017-11-19,340658.21,INTEREST TRANSFER FROM,5726,C
1000036,1000269,252634,2016-12-09,787347.59,TRUST TRANSFER DEBIT,2100,D
1000036,1000232,614986,2013-06-01,121530.56,REV WEB CASH ADVANCE FROM CREDIT CARD,3714,D
1000037,1000125,890133,2002-09-23,159146.07,OVERDRAFT FINANCE CHARGE ACCRUAL,6922,D
1000037,1000119,623254,2011-07-12,964381.06,BATCH UNLINK TRANSACTION,6447,D
1000037,1000220,850977,2008-07-29,204772.56,VISA PIN PURCHASE WITH CASH BACK REV,6585,C
1000038,1000016,736738,2008-05-24,207155.03,INSUFFICIENT FUNDS FEE,8328,C
1000038,1000209,053498,2012-08-04,506596.78,TRUST TRANSFER DEBIT,5739,D
1000038,1000234,526568,2017-11-11,704935.15,BANK LEVEL REPORT REQUEST,8686,D
1000039,1000149,262305,2007-07-15,703365.00,PARTIAL W/D-W/PENALTY-DISABILITY DIST,4733,C
1000039,1000242,877991,2002-01-09,144206.16,PHONE TRANSFER DEPOSIT,6252,C
1000039,1000209,465501,2017-08-26,126111.65,SWS ZBA DEBIT TO SUB ACCOUNT,0912,C
1000040,1000210,995289,2005-02-01,508325.00,W/D EXCESS CONTR-PRE YR ROTH,8186,D
1000040,1000007,821511,2003-10-01,355674.66,OVERDRAFT FINANCE CHARGE ACCRUAL,6981,D
1000040,1000292,557120,2007-10-22,824410.86,REV PARTIAL WITHDRAWAL - NORMAL DIST,1582,C
1000041,1000062,406288,2014-10-08,749733.83,SWS ZBA DEBIT TO SUB ACCOUNT,9450,C
1000041,1000189,430322,2002-11-26,125772.09,REVERSE ATM TRANSFER DDA TO SAVINGS,1127,C
1000041,1000014,918364,2005-12-30,514235.32,SWS ZBA DEBIT TO SUB ACCOUNT,6586,C
1000042,1000003,758708,2012-10-24,320504.78,VAULT CASH & CHECK DEPOSIT,6341,D
1000042,1000103,382991,2017-09-08,837753.03,REVERSE EARLY CLOSEOUT FEE,5962,C
1000042,1000082,854863,2004-10-14,548538.90,REV WEB CASH ADVANCE FROM CREDIT CARD,8585,D
1000043,1000013,842935,2010-06-23,458699.88,INTEREST TRANSFER FROM,9620,D
1000043,1000187,585573,2004-10-27,936546.39,REVERSE ATM TRANSFER DDA TO SAVINGS,4546,C
1000043,1000322,011301,2017-01-06,49187.07,INSUFFICIENT FUNDS FEE,5672,C
1000044,1000123,083594,2010-10-03,106862.80,REV WAIVE ADDON FEE: OVERDRAFT TRANSFERS,3056,C
1000044,1000069,881908,2007-03-01,600976.24,PHONE TRANSFER DEPOSIT,4996,C
1000044,1000108,560730,2002-01-16,813531.00,SWS ZBA DEBIT TO SUB ACCOUNT,1490,C
1000045,1000298,263670,2002-01-05,649729.13,REV WAIVE ADDON FEE: OVERDRAFT TRANSFERS,5532,D
1000045,1000327,092315,2007-06-20,444133.79,REVERSE SERVICE CHARGE - ABF ADV FEE,3307,C
1000045,1000222,409785,2015-06-21,328036.80,REV WAIVE ADDON FEE: OVERDRAFT TRANSFERS,5289,D
1000046,1000112,048138,2011-05-08,986410.07,REVERSE OVERDRAFT CHARGE TO ANALYSIS,1172,D
1000046,1000230,733359,2009-08-02,126594.81,W/D PRE YR CONTR-DIR TRANS ROTH,3418,C
1000046,1000033,510214,2013-05-15,320597.62,LOC PAYMENT - INTEREST ONLY,3941,C
1000047,1000271,739968,2015-07-12,832945.57,W/D EXCESS CONTR-PRE YR ROTH,7621,C
1000047,1000133,504006,2010-08-18,22335.50,W/D EXCESS CONTR-PRE YR ROTH,1809,C
1000047,1000149,531001,2007-11-23,243108.70,BATCH UNLINK TRANSACTION,4469,C
1000048,1000300,475971,2019-01-03,661042.31,REV WEB CASH ADVANCE FROM CREDIT CARD,0749,C
1000048,1000294,805551,2009-11-24,847290.66,BANK LEVEL REPORT REQUEST,5840,D
1000048,1000257,631509,2016-06-01,851813.55,LOC PAYMENT - INTEREST ONLY,3421,D
1000049,1000026,226173,2011-03-16,476569.37,BATCH UNLINK TRANSACTION,6074,D
1000049,1000190,047027,2013-08-11,585128.11,OVERDRAFT FINANCE CHARGE ACCRUAL,0229,C
1000049,1000315,319917,2003-04-26,485565.94,CDS SIM GENERATED FIXED TRANSFER CREDIT,0608,D
1000050,1000295,302695,2003-04-14,347886.07,SWS ZBA DEBIT TO SUB ACCOUNT,9694,D
1000050,1000163,291169,2013-07-11,518620.76,OVERDRAFT PROTECTION TRANSFER FEE,5318,D
1000050,1000243,305874,2014-11-01,798590.19,PHONE TRANSFER DEPOSIT,9922,D
1000051,1000104,963510,2009-06-27,63475.94,INTERIM STATEMENT TRIGGER,7920,C
1000051,1000270,206961,2015-10-29,207802.75,STATE WITHHOLDING ADJUSTMENT - DEBIT,6721,D
1000051,1000056,681930,2013-07-19,868770.66,DEPOSITED ITEM RETURNED,2044,C
1000052,1000289,382916,2017-05-27,696212.74,EMPLOYER/SEPP OPENING DEPOSIT - PRIOR YR,2844,C
1000052,1000240,047346,2007-10-22,18001.18,RECHARACTERIZED IRA CONTR-PARTIAL DR REV,8365,C
1000052,1000175,362042,2003-10-25,68301.17,RECHARACTERIZED IRA CONTR-PARTIAL DR REV,4565,C
1000053,1000151,957644,2007-10-20,624687.14,OVERDRAFT FINANCE CHARGE ACCRUAL,5301,D
1000053,1000267,884340,2012-01-15,384989.30,TRUST TRANSFER DEBIT,5394,C
1000053,1000028,448625,2006-06-02,836952.50,PARTIAL W/D-W/PENALTY-DISABILITY DIST,0234,C
1000054,1000257,481725,2010-06-08,123699.18,PAYOUT TRANSFER CREDIT TO TDA,5501,C
1000054,1000169,026745,2014-09-24,271099.82,REV PARTIAL WITHDRAWAL - NORMAL DIST,2709,D
1000054,1000118,240178,2002-10-09,321259.86,OVERDRAFT FINANCE CHARGE ACCRUAL,1668,D
1000055,1000238,432351,2003-04-21,274136.63,LOC PAYMENT - INTEREST ONLY,9225,D
1000055,1000276,215930,2010-12-10,146958.37,STATE WITHHOLDING ADJUSTMENT - DEBIT,6550,C
1000055,1000234,458031,2013-04-05,966799.20,REVERSE ATM TRANSFER DDA TO SAVINGS,5811,D
1000056,1000181,400530,2007-10-11,558227.25,CREDIT INTEREST TRANSFERRED FROM TDA,1436,D
1000056,1000116,474879,2006-11-25,505773.07,VISA PIN PURCHASE WITH CASH BACK REV,0743,C
1000056,1000318,473065,2008-04-10,473653.61,REV WEB CASH ADVANCE FROM CREDIT CARD,1241,C
1000057,1000031,903115,2002-03-31,786772.95,BATCH UNLINK TRANSACTION,1082,D
1000057,1000327,558304,2004-01-15,466317.11,REVERSE OVERDRAFT CHARGE TO ANALYSIS,5747,C
1000057,1000016,316125,2013-12-28,483193.93,CDS SIM GENERATED FIXED TRANSFER CREDIT,9823,C
1000058,1000089,706014,2014-06-07,239191.76,REVERSE SERVICE CHARGE - ABF ADV FEE,3780,D
1000058,1000176,771343,2012-04-16,997357.47,W/D EXCESS CONTR-PRE YR ROTH,6145,D
1000058,1000000,334435,2015-08-10,686818.40,TRUST TRANSFER DEBIT,8069,C
1000059,1000048,723015,2003-09-27,406451.84,LEASE SEC TEN. YE INT DISB DB ADJ REV,3958,D
1000059,1000053,202459,2013-05-06,903013.16,REV WEB CASH ADVANCE FROM CREDIT CARD,6914,C
1000059,1000177,762974,2012-11-23,312132.07,INT XFER TO 3RD PARTY (DEBIT) - NORMAL,0003,D
1000060,1000013,780457,2015-10-02,275814.01,TRUST TRANSFER DEBIT,9292,C
1000060,1000058,567014,2003-06-12,410670.84,VISA PIN PURCHASE WITH CASH BACK REV,4036,D
1000060,1000155,322777,2002-05-02,511298.16,LEASE SEC TEN. YE INT DISB DB ADJ REV,3620,C
1000061,1000185,139599,2016-07-11,858168.50,REVERSE MEMO ANALYSIS CHARGE DIRECT,0941,C
1000061,1000205,516096,2004-03-10,79018.83,REVERSE ACCIDENT INSURANCE ACCRUAL,9970,C
1000061,1000192,373990,2008-12-25,927899.58,INSUFFICIENT FUNDS FEE,8744,C
1000062,1000232,316180,2014-05-30,382588.75,BANK LEVEL REPORT REQUEST,4043,C
1000062,1000249,356939,2012-12-27,58153.97,REV WEB CASH ADVANCE FROM CREDIT CARD,5971,D
1000062,1000232,533160,2009-05-12,429294.77,LOC PAYMENT - INTEREST ONLY,6631,C
1000063,1000288,119606,2013-12-17,212390.45,W/D PRE YR CONTR-DIR TRANS ROTH,9901,D
1000063,1000023,126722,2008-08-17,891071.49,DEPOSITED ITEM RETURNED,0912,D
1000063,1000026,492891,2015-07-08,115807.09,LEASE SEC TEN. YE INT DISB DB ADJ REV,7802,C
1000064,1000217,061996,2017-10-24,611434.56,PHONE TRANSFER DEPOSIT,7272,C
1000064,1000127,997309,2011-04-20,504242.38,OVERDRAFT PROTECTION TRANSFER FEE,7010,D
1000064,1000017,685419,2016-02-29,921373.39,STATE WITHHOLDING ADJUSTMENT - DEBIT,5212,D
1000065,1000049,751408,2017-05-13,421840.33,VISA PIN PURCHASE WITH CASH BACK REV,3816,D
1000065,1000034,253515,2013-04-04,658018.74,REVERSE ATM TRANSFER DDA TO SAVINGS,4612,D
1000065,1000157,063275,2002-03-22,489396.99,VISA PIN PURCHASE WITH CASH BACK REV,1443,C
1000066,1000138,406971,2002-10-15,673479.32,ATM SURCHARGE REBATE,4476,C
1000066,1000329,711886,2017-02-13,191311.68,STATE WITHHOLDING ADJUSTMENT - DEBIT,2812,C
1000066,1000178,479448,2016-01-11,192571.56,REV PARTIAL WITHDRAWAL - NORMAL DIST,4658,C
1000067,1000107,870996,2015-02-27,380783.68,REVERSE SERVICE CHARGE - ABF ADV FEE,6143,C
1000067,1000269,296066,2004-01-17,19154.50,DEPOSITED ITEM RETURNED,3606,C
1000067,1000193,062916,2006-08-12,709309.85,REVERSE SERVICE CHARGE - ABF ADV FEE,9212,D
1000068,1000106,052107,2008-11-28,520810.87,TRUST TRANSFER DEBIT,8123,C
1000068,1000002,224305,2003-01-16,151140.89,REVERSE OVERDRAFT CHARGE TO ANALYSIS,8649,D
1000068,1000069,037668,2015-11-19,777226.62,REVERSE ATM TRANSFER DDA TO SAVINGS,8282,C
1000069,1000247,063309,2009-06-03,447593.31,REVERSE ATM TRANSFER DDA TO SAVINGS,3608,D
1000069,1000277,144272,2016-09-11,449889.30,OVERDRAFT FINANCE CHARGE ACCRUAL,4961,D
1000069,1000133,963187,2014-01-17,306571.67,PHONE TRANSFER DEPOSIT,3479,C
1000070,1000062,963205,2017-12-17,637480.73,SWS ZBA DEBIT TO SUB ACCOUNT,7472,C
1000070,1000097,891434,2003-07-27,611169.67,VAULT CASH & CHECK DEPOSIT,0201,D
1000070,1000037,319249,2014-08-09,705963.47,VISA PIN PURCHASE WITH CASH BACK REV,1766,D
1000071,1000284,880698,2015-11-01,54754.07,CREDIT INTEREST TRANSFERRED FROM TDA,1788,D
1000071,1000051,973121,2008-09-16,246107.16,PHONE TRANSFER DEPOSIT,0271,C
1000071,1000290,612526,2015-01-06,437120.91,OVERDRAFT PROTECTION TRANSFER FEE,9956,C
1000072,1000161,740688,2011-07-30,337485.92,LEASE SEC TEN. YE INT DISB DB ADJ REV,6327,C
1000072,1000320,065169,2012-09-10,464328.03,VAULT CASH & CHECK DEPOSIT,6141,D
1000072,1000317,081020,2004-07-03,148514.93,REVERSE EARLY CLOSEOUT FEE,6534,C
1000073,1000235,870272,2008-10-10,43666.78,STATE WITHHOLDING ADJUSTMENT - DEBIT,1401,C
1000073,1000171,461505,2012-12-22,82230.97,INSUFFICIENT FUNDS FEE,7053,D
1000073,1000251,267269,2005-01-03,448932.04,SWS ZBA DEBIT TO SUB ACCOUNT,1707,C
1000074,1000299,029971,2003-04-18,865740.80,PARTIAL W/D-W/PENALTY-DISABILITY DIST,3207,D
1000074,1000021,662800,2014-09-27,559897.44,REVERSE OVERDRAFT CHARGE TO ANALYSIS,7026,C
1000074,1000311,134309,2016-03-16,451876.52,CDS SIM GENERATED FIXED TRANSFER CREDIT,7225,D
1000075,1000146,251839,2014-07-17,757662.28,REV PARTIAL WITHDRAWAL - NORMAL DIST,4692,D
1000075,1000246,932922,2017-03-26,592729.92,INSUFFICIENT FUNDS FEE,5944,D
1000075,1000061,809053,2012-03-08,646764.90,OVERDRAFT PROTECTION TRANSFER FEE,2920,D
1000076,1000300,160626,2012-06-24,371276.27,LEASE SEC TEN. YE INT DISB DB ADJ REV,9500,D
1000076,1000314,114593,2016-10-12,382294.36,CDS SIM GENERATED FIXED TRANSFER CREDIT,7758,C
1000076,1000308,732472,2014-04-23,136839.27,LEASE SEC TEN. YE INT DISB DB ADJ REV,6616,D
1000077,1000047,290765,2013-07-12,281276.16,PARTIAL W/D-W/PENALTY-DISABILITY DIST,9854,D
1000077,1000086,965809,2002-03-09,419554.79,LEASE SEC TEN. YE INT DISB DB ADJ REV,6494,C
1000077,1000030,035370,2015-05-28,576191.66,VAULT CASH & CHECK DEPOSIT,5315,D
1000078,1000146,875099,2003-02-27,503033.69,REVERSE OVERDRAFT CHARGE TO ANALYSIS,1237,D
1000078,1000053,834244,2017-04-21,304277.78,REVERSE OVERDRAFT CHARGE TO ANALYSIS,6059,D
1000078,1000278,303259,2012-10-23,835702.24,ATM SURCHARGE REBATE,7782,C
1000079,1000314,127987,2013-09-11,380726.39,TRUST TRANSFER DEBIT,9930,C
1000079,1000035,506314,2016-05-18,415762.18,W/D EXCESS CONTR-PRE YR ROTH,2732,C
1000079,1000126,811334,2009-03-07,150796.75,REVERSE OVERDRAFT CHARGE TO ANALYSIS,7687,C
1000080,1000066,898856,2002-04-10,262711.35,REV WAIVE ADDON FEE: OVERDRAFT TRANSFERS,5911,D
1000080,1000084,954745,2008-09-26,626222.06,LOC ADDITIONAL PAYMENT REQUEST,3364,C
1000080,1000203,528269,2003-08-10,954484.99,CDS SIM GENERATED FIXED TRANSFER CREDIT,2696,D
1000081,1000308,700933,2007-09-03,69987.53,ATM SURCHARGE REBATE,6655,D
1000081,1000079,397004,2009-12-01,169840.17,INTEREST TRANSFER FROM,5911,C
1000081,1000164,257925,2016-10-01,418970.58,INTERIM STATEMENT TRIGGER,1130,D
1000082,1000283,567991,2012-10-27,995554.93,VISA PIN PURCHASE WITH CASH BACK REV,2297,D
1000082,1000001,235916,2007-04-19,737397.76,RECHARACTERIZED IRA CONTR-PARTIAL DR REV,8810,C
1000082,1000073,205670,2006-05-31,160000.20,INSUFFICIENT FUNDS FEE,8448,C
1000083,1000134,828778,2003-12-10,186979.42,REVERSE OVERDRAFT CHARGE TO ANALYSIS,9644,C
1000083,1000182,484452,2008-04-21,147253.40,BATCH UNLINK TRANSACTION,0524,D
1000083,1000327,303442,2014-03-16,109215.71,REVERSE EARLY CLOSEOUT FEE,2570,D
1000084,1000220,955145,2013-11-19,788541.19,VAULT CASH & CHECK DEPOSIT,1727,D
1000084,1000139,038805,2016-06-23,217855.21,REVERSE MEMO ANALYSIS CHARGE DIRECT,2511,C
1000084,1000134,882703,2006-08-14,513699.26,W/D EXCESS CONTR-PRE YR ROTH,3768,C
1000085,1000064,396842,2013-12-22,647567.91,VAULT CASH & CHECK DEPOSIT,7896,C
1000085,1000206,898794,2006-08-13,711439.93,PHONE TRANSFER DEPOSIT,1417,D
1000085,1000190,520362,2003-07-30,655474.84,DEPOSITED ITEM RETURNED,9238,D
1000086,1000095,384776,2015-07-09,876615.52,LOC ADDITIONAL PAYMENT REQUEST,9275,C
1000086,1000086,155484,2013-12-30,210559.84,INSUFFICIENT FUNDS FEE,6583,D
1000086,1000273,647926,2011-09-10,372082.05,DEPOSITED ITEM RETURNED,9095,C
1000087,1000073,309403,2016-07-15,367586.39,W/D EXCESS CONTR-PRE YR ROTH,2242,C
1000087,1000190,741403,2006-11-08,343953.39,RECHARACTERIZED IRA CONTR-PARTIAL DR REV,1703,D
1000087,1000187,363495,2017-05-23,482722.60,LEASE SEC TEN. YE INT DISB DB ADJ REV,2685,D
1000088,1000129,003539,2005-01-20,306511.68,REVERSE OVERDRAFT CHARGE TO ANALYSIS,1180,C
1000088,1000308,491291,2007-05-05,994162.61,TRUST TRANSFER DEBIT,9353,C
1000088,1000304,172942,2006-07-16,620389.89,OVERDRAFT PROTECTION TRANSFER FEE,0351,D
1000089,1000202,256417,2012-10-29,725940.21,LEASE SEC TEN. YE INT DISB DB ADJ REV,7729,D
1000089,1000017,172143,2016-12-15,513772.72,LOC ADDITIONAL PAYMENT REQUEST,8790,D
1000089,1000299,817185,2008-11-29,883391.96,INT XFER TO 3RD PARTY (DEBIT) - NORMAL,6297,D
1000090,1000088,308288,2016-04-09,735683.33,ATM SURCHARGE REBATE,7164,C
1000090,1000159,409428,2016-11-24,276046.83,REVERSE OVERDRAFT CHARGE TO ANALYSIS,8012,C
1000090,1000252,664329,2007-04-26,471340.89,REVERSE MEMO ANALYSIS CHARGE DIRECT,5169,C
1000091,1000005,619344,2015-07-25,704638.37,OVERDRAFT PROTECTION TRANSFER FEE,0137,C
1000091,1000116,542197,2004-04-11,449354.37,LEASE SEC TEN. YE INT DISB DB ADJ REV,3902,D
1000091,1000209,579454,2015-01-25,127173.12,STATE WITHHOLDING ADJUSTMENT - DEBIT,0906,C
1000092,1000086,539303,2015-05-27,142109.52,INT XFER TO 3RD PARTY (DEBIT) - NORMAL,5878,C
1000092,1000076,287174,2003-12-07,645018.71,INTERIM STATEMENT TRIGGER,7920,C
1000092,1000312,411087,2004-02-24,287437.70,LEASE SEC TEN. YE INT DISB DB ADJ REV,2119,D
1000093,1000152,526909,2018-08-25,526003.26,INTERIM STATEMENT TRIGGER,2842,C
1000093,1000314,414365,2016-05-28,671419.20,VAULT CASH & CHECK DEPOSIT,1522,D
1000093,1000182,125638,2010-08-09,422490.88,OVERDRAFT PROTECTION TRANSFER FEE,2979,D
1000094,1000099,598281,2015-06-28,579190.51,REVERSE MEMO ANALYSIS CHARGE DIRECT,4005,C
1000094,1000326,385164,2017-01-07,205269.25,REV WEB CASH ADVANCE FROM CREDIT CARD,1188,D
1000094,1000057,585212,2012-11-12,507861.77,INTERIM STATEMENT TRIGGER,2706,C
1000095,1000276,466229,2009-08-22,726868.46,REVERSE SERVICE CHARGE - ABF ADV FEE,8269,C
1000095,1000043,084261,2016-04-25,202762.24,INTERIM STATEMENT TRIGGER,2861,D
1000095,1000158,582107,2002-12-21,345553.69,RECHARACTERIZED IRA CONTR-PARTIAL DR REV,8020,D
1000096,1000081,895193,2007-12-15,796752.22,REVERSE SERVICE CHARGE - ABF ADV FEE,5554,D
1000096,1000102,450204,2017-08-17,953714.99,REVERSE EARLY CLOSEOUT FEE,8275,D
1000096,1000023,303586,2015-10-06,273941.02,REVERSE EARLY CLOSEOUT FEE,1147,C
1000097,1000220,349130,2002-08-04,730621.43,VAULT CASH & CHECK DEPOSIT,4435,C
1000097,1000197,848977,2004-06-12,660911.31,TRUST TRANSFER DEBIT,5780,C
1000097,1000095,122796,2018-11-23,818510.80,INTEREST TRANSFER FROM,4851,C
1000098,1000258,880465,2016-07-22,25574.56,REV PARTIAL WITHDRAWAL - NORMAL DIST,1285,C
1000098,1000313,124694,2007-03-16,285401.02,PARTIAL W/D-W/PENALTY-DISABILITY DIST,7916,C
1000098,1000228,044554,2012-03-24,63127.47,EMPLOYER/SEPP OPENING DEPOSIT - PRIOR YR,7180,D
1000099,1000219,432325,2008-09-09,921827.86,INTERIM STATEMENT TRIGGER,2523,D
1000099,1000113,554050,2003-11-02,885126.57,REVERSE EARLY CLOSEOUT FEE,4185,C
1000099,1000120,924268,2009-02-22,817465.85,SWS ZBA DEBIT TO SUB ACCOUNT,0968,C
1000100,1000314,245844,2004-05-13,254078.66,INSUFFICIENT FUNDS FEE,7846,D
1000100,1000180,178498,2014-08-06,456792.89,VISA PIN PURCHASE WITH CASH BACK REV,5394,D
1000100,1000286,817187,2015-10-01,621895.37,SWS ZBA DEBIT TO SUB ACCOUNT,6597,C
1000101,1000096,108914,2008-08-12,439027.21,LOC ADDITIONAL PAYMENT REQUEST,0647,D
1000101,1000136,951612,2006-08-28,80836.51,PARTIAL W/D-W/PENALTY-DISABILITY DIST,1077,D
1000101,1000113,552840,2014-01-16,235787.02,INTERIM STATEMENT TRIGGER,8018,D
1000102,1000223,670617,2007-06-08,42034.41,REVERSE MEMO ANALYSIS CHARGE DIRECT,3054,C
1000102,1000167,717550,2002-09-09,338692.75,INSUFFICIENT FUNDS FEE,9026,D
1000102,1000231,318250,2005-11-25,293821.42,REV WAIVE ADDON FEE: OVERDRAFT TRANSFERS,1221,D
1000103,1000107,168972,2012-09-22,623791.26,REVERSE ACCIDENT INSURANCE ACCRUAL,3612,D
1000103,1000304,893409,2013-01-20,-5343.15,EMPLOYER/SEPP OPENING DEPOSIT - PRIOR YR,2078,D
1000103,1000117,405165,2007-05-29,181678.39,REVERSE EARLY CLOSEOUT FEE,2922,C
1000104,1000320,031588,2005-07-25,158770.86,REVERSE OVERDRAFT CHARGE TO ANALYSIS,8208,C
1000104,1000068,728575,2013-12-07,540306.11,CDS SIM GENERATED FIXED TRANSFER CREDIT,3261,C
1000104,1000276,068977,2009-10-27,519465.71,REVERSE ACCIDENT INSURANCE ACCRUAL,2060,D
1000105,1000125,936692,2007-07-30,846828.21,INT XFER TO 3RD PARTY (DEBIT) - NORMAL,4094,D
1000105,1000314,587455,2009-04-15,167311.50,INTEREST TRANSFER FROM,1092,C
1000105,1000063,307437,2004-07-07,678758.20,INSUFFICIENT FUNDS FEE,6194,D
1000106,1000318,459100,2003-10-07,519494.94,RECHARACTERIZED IRA CONTR-PARTIAL DR REV,0808,D
1000106,1000178,779810,2008-10-18,766411.65,ATM SURCHARGE REBATE,1870,D
1000106,1000253,340067,2017-09-07,53258.68,OVERDRAFT PROTECTION TRANSFER FEE,1671,D
1000107,1000228,030609,2016-05-24,69916.03,W/D PRE YR CONTR-DIR TRANS ROTH,2806,D
1000107,1000129,085589,2012-09-18,281766.62,INT XFER TO 3RD PARTY (DEBIT) - NORMAL,7964,D
1000107,1000040,842319,2005-01-20,538072.74,LOC PAYMENT - INTEREST ONLY,5608,D
1000108,1000065,522391,2006-07-24,21970.42,LOC ADDITIONAL PAYMENT REQUEST,7979,C
1000108,1000188,236545,2004-05-21,803819.52,PARTIAL W/D-W/PENALTY-DISABILITY DIST,3117,C
1000108,1000130,113922,2012-05-25,80618.52,W/D EXCESS CONTR-PRE YR ROTH,5879,C
1000109,1000115,168622,2016-07-15,368428.63,ATM SURCHARGE REBATE,9935,D
1000109,1000068,327912,2005-02-15,655210.92,REV WAIVE ADDON FEE: OVERDRAFT TRANSFERS,1189,C
1000109,1000281,176391,2008-12-23,571607.11,OVERDRAFT FINANCE CHARGE ACCRUAL,1559,C
1000110,1000051,748746,2010-03-01,117580.68,ATM SURCHARGE REBATE,5217,C
1000110,1000267,665306,2005-04-15,474461.58,INSUFFICIENT FUNDS FEE,4036,C
1000110,1000209,278472,2005-02-28,967259.34,REV WEB CASH ADVANCE FROM CREDIT CARD,7181,C
1000111,1000279,401388,2005-12-15,590912.74,SWS ZBA DEBIT TO SUB ACCOUNT,2506,C
1000111,1000181,728932,2013-10-02,685879.62,VISA PIN PURCHASE WITH CASH BACK REV,4149,D
1000111,1000088,299506,2013-04-29,784293.21,REVERSE EARLY CLOSEOUT FEE,8655,C
1000112,1000326,155875,2006-11-17,350402.23,W/D PRE YR CONTR-DIR TRANS ROTH,0697,C
1000112,1000266,254038,2006-02-08,27495.05,DEPOSITED ITEM RETURNED,9965,C
1000112,1000098,072947,2006-08-21,448523.59,RECHARACTERIZED IRA CONTR-PARTIAL DR REV,3247,D
1000113,1000311,306875,2006-11-11,707050.65,REVERSE SERVICE CHARGE - ABF ADV FEE,0396,D
1000113,1000280,434994,2012-01-07,149642.78,W/D EXCESS CONTR-PRE YR ROTH,2123,D
1000113,1000114,979297,2006-11-08,966154.19,INTERIM STATEMENT TRIGGER,2638,C
1000114,1000173,089298,2007-03-24,570654.35,LOC PAYMENT - INTEREST ONLY,1975,C
1000114,1000243,801654,2013-05-01,568722.55,REVERSE ATM TRANSFER DDA TO SAVINGS,9086,D
1000114,1000020,805554,2018-01-22,942462.93,CDS SIM GENERATED FIXED TRANSFER CREDIT,9910,C
1000115,1000053,965462,2007-08-24,891575.32,LOC ADDITIONAL PAYMENT REQUEST,8823,C
1000115,1000071,514876,2004-05-31,983954.85,REV WAIVE ADDON FEE: OVERDRAFT TRANSFERS,4486,C
1000115,1000055,281345,2014-02-08,434205.04,BANK LEVEL REPORT REQUEST,7521,C
1000116,1000252,996141,2018-10-12,846922.08,REVERSE MEMO ANALYSIS CHARGE DIRECT,0765,D
1000116,1000140,069981,2005-03-05,164564.40,W/D PRE YR CONTR-DIR TRANS ROTH,6504,C
1000116,1000252,755307,2015-12-17,903319.40,REVERSE ACCIDENT INSURANCE ACCRUAL,7326,C
1000117,1000293,729274,2016-02-07,268332.37,CREDIT INTEREST TRANSFERRED FROM TDA,5505,D
1000117,1000253,813943,2017-11-04,968642.73,REV WAIVE ADDON FEE: OVERDRAFT TRANSFERS,8101,D
1000117,1000050,695751,2003-02-22,464887.53,REV WAIVE ADDON FEE: OVERDRAFT TRANSFERS,6124,D
1000118,1000205,805413,2005-10-14,687566.31,RECHARACTERIZED IRA CONTR-PARTIAL DR REV,9594,D
1000118,1000233,449224,2013-02-13,609767.14,REVERSE OVERDRAFT CHARGE TO ANALYSIS,9999,C
1000118,1000275,540310,2014-01-17,166925.71,VAULT CASH & CHECK DEPOSIT,2376,C
1000119,1000190,931309,2012-10-16,353083.25,PARTIAL W/D-W/PENALTY-DISABILITY DIST,0174,C
1000119,1000040,138831,2003-05-11,962837.38,LOC ADDITIONAL PAYMENT REQUEST,1498,D
1000119,1000266,136888,2010-06-22,333754.89,REV PARTIAL WITHDRAWAL - NORMAL DIST,0919,C
1000120,1000142,154935,2010-03-03,375236.83,REVERSE OVERDRAFT CHARGE TO ANALYSIS,1037,D
1000120,1000082,896886,2005-08-03,631621.76,OVERDRAFT FINANCE CHARGE ACCRUAL,4421,C
1000120,1000160,371451,2018-05-02,85531.91,REVERSE OVERDRAFT CHARGE TO ANALYSIS,1918,D
1000121,1000063,318133,2015-01-29,670371.27,DEPOSITED ITEM RETURNED,3447,C
1000121,1000108,446813,2003-10-03,532137.27,VISA PIN PURCHASE WITH CASH BACK REV,0591,D
1000121,1000164,573132,2016-05-10,438103.83,VAULT CASH & CHECK DEPOSIT,1323,D
1000122,1000158,775152,2007-04-27,222378.74,CDS SIM GENERATED FIXED TRANSFER CREDIT,1702,C
1000122,1000018,890990,2012-02-07,749445.01,REVERSE ACCIDENT INSURANCE ACCRUAL,2418,C
1000122,1000279,074864,2007-09-16,140142.19,DEPOSITED ITEM RETURNED,3783,C
1000123,1000032,752869,2015-09-07,844730.14,INSUFFICIENT FUNDS FEE,8080,C
1000123,1000211,556634,2013-08-12,507461.06,RECHARACTERIZED IRA CONTR-PARTIAL DR REV,0217,C
1000123,1000231,602691,2010-03-15,703446.50,CREDIT INTEREST TRANSFERRED FROM TDA,2239,D
1000124,1000278,655094,2010-11-01,248508.12,STATE WITHHOLDING ADJUSTMENT - DEBIT,3596,C
1000124,1000030,276153,2006-06-30,250194.14,INTEREST TRANSFER FROM,5005,C
1000124,1000053,569488,2016-01-07,635870.42,INT XFER TO 3RD PARTY (DEBIT) - NORMAL,2513,C
1000125,1000184,028396,2010-02-13,-3365.19,TRUST TRANSFER DEBIT,0071,D
1000125,1000211,143729,2015-01-13,166703.84,ATM SURCHARGE REBATE,6573,C
1000125,1000282,490412,2006-01-29,299753.77,BANK LEVEL REPORT REQUEST,9425,C
1000126,1000073,692163,2002-12-01,192696.56,INTEREST TRANSFER FROM,3194,C
1000126,1000178,168193,2009-09-30,335939.36,REVERSE ATM TRANSFER DDA TO SAVINGS,9067,C
1000126,1000262,322622,2004-02-17,954115.49,REVERSE OVERDRAFT CHARGE TO ANALYSIS,4453,C
1000127,1000025,376142,2011-03-28,983689.56,VAULT CASH & CHECK DEPOSIT,4134,D
1000127,1000237,771913,2018-10-26,-361.68,REVERSE SERVICE CHARGE - ABF ADV FEE,4129,C
1000127,1000310,649929,2006-10-16,444595.47,INT XFER TO 3RD PARTY (DEBIT) - NORMAL,8329,C
1000128,1000173,766565,2012-11-24,571687.41,REVERSE ACCIDENT INSURANCE ACCRUAL,7151,D
1000128,1000003,692169,2009-12-07,288573.81,TRUST TRANSFER DEBIT,8235,C
1000128,1000249,225358,2004-04-15,293900.76,CREDIT INTEREST TRANSFERRED FROM TDA,3713,D
1000129,1000164,967038,2005-01-07,599319.10,REVERSE ACCIDENT INSURANCE ACCRUAL,1753,C
1000129,1000283,837234,2013-02-02,400615.74,W/D PRE YR CONTR-DIR TRANS ROTH,4716,D
1000129,1000201,287962,2010-02-06,282126.08,W/D EXCESS CONTR-PRE YR ROTH,0217,D
1000130,1000136,845477,2011-07-12,608752.07,VAULT CASH & CHECK DEPOSIT,9508,D
1000130,1000330,282471,2002-10-11,109154.43,SWS ZBA DEBIT TO SUB ACCOUNT,3856,C
1000130,1000084,919665,2004-05-21,868021.32,INT XFER TO 3RD PARTY (DEBIT) - NORMAL,0279,D
1000131,1000170,162010,2015-09-27,99165.94,BATCH UNLINK TRANSACTION,4673,D
1000131,1000037,009913,2016-07-01,772735.47,ATM SURCHARGE REBATE,3403,D
1000131,1000267,382881,2003-10-19,689759.52,PARTIAL W/D-W/PENALTY-DISABILITY DIST,3244,D
1000132,1000314,296335,2018-03-24,804222.89,INTEREST TRANSFER FROM,6384,D
1000132,1000153,525385,2003-03-06,487467.86,REVERSE ACCIDENT INSURANCE ACCRUAL,9326,D
1000132,1000289,973061,2006-10-14,151693.06,STATE WITHHOLDING ADJUSTMENT - DEBIT,7033,C
1000133,1000087,667672,2018-01-04,329682.52,REV PARTIAL WITHDRAWAL - NORMAL DIST,2247,C
1000133,1000171,115890,2009-01-23,696798.80,REV WEB CASH ADVANCE FROM CREDIT CARD,2472,D
1000133,1000062,449255,2014-10-25,168332.51,STATE WITHHOLDING ADJUSTMENT - DEBIT,2042,C
1000134,1000288,100805,2014-02-18,148480.23,STATE WITHHOLDING ADJUSTMENT - DEBIT,7246,D
1000134,1000215,423119,2013-09-14,293906.48,REVERSE OVERDRAFT CHARGE TO ANALYSIS,6799,C
1000134,1000049,258695,2007-11-24,906155.87,LOC PAYMENT - INTEREST ONLY,9643,D
1000135,1000002,190014,2003-08-26,889422.82,INT XFER TO 3RD PARTY (DEBIT) - NORMAL,4664,C
1000135,1000103,129704,2017-09-28,13600.87,W/D EXCESS CONTR-PRE YR ROTH,7111,D
1000135,1000252,988123,2013-11-03,823889.66,PAYOUT TRANSFER CREDIT TO TDA,9240,D
1000136,1000098,381627,2015-04-10,9900.12,REVERSE ATM TRANSFER DDA TO SAVINGS,4620,D
1000136,1000142,094697,2015-04-11,9900.51,REVERSE ATM TRANSFER DDA TO SAVINGS,3063,D
1000136,1000304,417070,2015-04-12,9900.23,REVERSE EARLY CLOSEOUT FEE,8497,D
1000137,1000103,966423,2017-03-03,177163.98,OVERDRAFT PROTECTION TRANSFER FEE,5750,C
1000137,1000169,838854,2014-07-12,462686.96,ATM SURCHARGE REBATE,0049,C
1000137,1000103,901328,2011-02-06,924032.10,INSUFFICIENT FUNDS FEE,7410,C
1000138,1000013,040108,2014-04-16,60284.84,RECHARACTERIZED IRA CONTR-PARTIAL DR REV,6274,D
1000138,1000300,455936,2002-04-20,217242.80,RECHARACTERIZED IRA CONTR-PARTIAL DR REV,2259,D
1000138,1000095,885819,2017-02-25,610810.40,INTERIM STATEMENT TRIGGER,9839,D
1000139,1000131,236470,2002-07-19,61652.45,RECHARACTERIZED IRA CONTR-PARTIAL DR REV,8096,D
1000139,1000073,641565,2012-12-01,789627.38,PHONE TRANSFER DEPOSIT,9986,C
1000139,1000153,246517,2017-07-22,232594.14,REVERSE EARLY CLOSEOUT FEE,5212,D
1000140,1000289,208490,2015-01-20,702883.46,CREDIT INTEREST TRANSFERRED FROM TDA,6710,C
1000140,1000209,426848,2016-01-03,210374.87,VISA PIN PURCHASE WITH CASH BACK REV,8344,C
1000140,1000291,123527,2010-04-16,741360.25,CREDIT INTEREST TRANSFERRED FROM TDA,8972,C
1000141,1000169,233551,2016-09-14,546390.13,RECHARACTERIZED IRA CONTR-PARTIAL DR REV,0039,D
1000141,1000268,827778,2009-12-24,791200.21,W/D EXCESS CONTR-PRE YR ROTH,5514,D
1000141,1000226,627899,2005-10-08,787170.35,TRUST TRANSFER DEBIT,9415,D
1000142,1000153,337975,2012-12-01,951049.71,REV WEB CASH ADVANCE FROM CREDIT CARD,3379,C
1000142,1000051,113633,2005-01-07,10606.43,REVERSE SERVICE CHARGE - ABF ADV FEE,4090,C
1000142,1000234,539899,2004-04-08,549489.13,REV WAIVE ADDON FEE: OVERDRAFT TRANSFERS,0821,C
1000143,1000071,916200,2004-09-07,125919.55,LOC PAYMENT - INTEREST ONLY,4543,D
1000144,1000082,470799,2005-11-26,27049.50,REVERSE ATM TRANSFER DDA TO SAVINGS,5455,C
1000144,1000230,218622,2005-11-27,27000.70,CREDIT INTEREST TRANSFERRED FROM TDA,9536,C
1000144,1000009,531369,2005-11-28,27008.52,STATE WITHHOLDING ADJUSTMENT - DEBIT,5319,C
1000144,1000212,185540,2005-11-29,27000.97,INT XFER TO 3RD PARTY (DEBIT) - NORMAL,5033,C
1000144,1000138,573370,2005-11-30,27000.07,CDS SIM GENERATED FIXED TRANSFER CREDIT,1240,D
1000145,1000135,271937,2009-04-29,990441.83,CDS SIM GENERATED FIXED TRANSFER CREDIT,8150,C
1000145,1000013,235504,2016-08-04,512615.81,OVERDRAFT FINANCE CHARGE ACCRUAL,4873,D
1000145,1000040,598303,2010-06-21,86177.31,SWS ZBA DEBIT TO SUB ACCOUNT,4908,D
1000146,1000064,184550,2012-07-07,357345.75,BATCH UNLINK TRANSACTION,6943,D
1000146,1000233,904350,2007-02-10,34181.71,REV WAIVE ADDON FEE: OVERDRAFT TRANSFERS,5958,D
1000146,1000012,533435,2018-05-24,317638.36,OVERDRAFT FINANCE CHARGE ACCRUAL,1461,C
1000147,1000090,782543,2006-01-18,438294.85,SWS ZBA DEBIT TO SUB ACCOUNT,5159,D
1000147,1000158,804904,2013-05-19,222715.88,PARTIAL W/D-W/PENALTY-DISABILITY DIST,3600,D
1000147,1000126,208611,2006-02-23,243205.05,VISA PIN PURCHASE WITH CASH BACK REV,0645,D
1000148,1000102,644843,2017-09-04,771794.48,LOC ADDITIONAL PAYMENT REQUEST,2218,D
1000148,1000218,329571,2005-04-16,391071.84,ATM SURCHARGE REBATE,2075,D
1000148,1000146,120238,2013-08-24,905285.60,BATCH UNLINK TRANSACTION,6029,C
1000149,1000041,868918,2013-03-08,938834.82,LEASE SEC TEN. YE INT DISB DB ADJ REV,3466,D
1000149,1000292,089667,2012-01-12,785292.55,VISA PIN PURCHASE WITH CASH BACK REV,0329,C
1000149,1000066,344926,2005-03-21,622462.92,PARTIAL W/D-W/PENALTY-DISABILITY DIST,2555,D
1000150,1000216,931932,2004-02-17,726105.03,ATM SURCHARGE REBATE,5377,D
1000150,1000108,658150,2013-08-19,925507.70,REV PARTIAL WITHDRAWAL - NORMAL DIST,4715,D
1000150,1000331,056735,2002-10-17,286902.11,CREDIT INTEREST TRANSFERRED FROM TDA,7702,D
1000151,1000150,039018,2013-01-05,188005.04,REVERSE ATM TRANSFER DDA TO SAVINGS,6979,D
1000151,1000162,361804,2007-09-09,613385.38,CDS SIM GENERATED FIXED TRANSFER CREDIT,4934,C
1000151,1000010,536560,2018-06-15,222753.63,REV WAIVE ADDON FEE: OVERDRAFT TRANSFERS,9203,C
1000152,1000092,260321,2010-12-01,845212.67,REVERSE OVERDRAFT CHARGE TO ANALYSIS,0302,C
1000152,1000271,625917,2011-02-11,856501.60,LOC PAYMENT - INTEREST ONLY,6505,C
1000152,1000267,679781,2009-01-05,501333.21,BANK LEVEL REPORT REQUEST,6000,C
1000153,1000121,651787,2004-09-14,311357.00,DEPOSITED ITEM RETURNED,3896,D
1000153,1000026,287212,2015-09-11,350262.97,REV WAIVE ADDON FEE: OVERDRAFT TRANSFERS,4773,D
1000153,1000073,907128,2015-10-28,347882.16,OVERDRAFT FINANCE CHARGE ACCRUAL,4735,C
1000154,1000214,452883,2004-10-27,357468.23,OVERDRAFT PROTECTION TRANSFER FEE,2533,C
1000154,1000293,344548,2014-02-23,195580.12,REVERSE EARLY CLOSEOUT FEE,8143,C
1000154,1000142,782137,2007-08-13,895456.10,RECHARACTERIZED IRA CONTR-PARTIAL DR REV,8725,C
1000155,1000091,927112,2004-07-26,407827.49,LOC PAYMENT - INTEREST ONLY,1399,D
1000155,1000136,996708,2004-10-25,483023.01,REVERSE ACCIDENT INSURANCE ACCRUAL,3580,C
1000155,1000207,385808,2015-08-26,918852.69,RECHARACTERIZED IRA CONTR-PARTIAL DR REV,6832,C
1000156,1000220,284836,2014-07-20,581275.84,REVERSE OVERDRAFT CHARGE TO ANALYSIS,2291,D
1000156,1000044,037434,2010-02-06,75675.25,BANK LEVEL REPORT REQUEST,6391,D
1000156,1000007,651843,2011-05-12,92045.83,REVERSE OVERDRAFT CHARGE TO ANALYSIS,5333,C
1000157,1000037,071693,2017-08-09,576226.44,W/D EXCESS CONTR-PRE YR ROTH,4853,D
1000157,1000044,047962,2009-02-21,482870.02,STATE WITHHOLDING ADJUSTMENT - DEBIT,8341,C
1000157,1000179,946516,2008-01-09,812138.96,INTERIM STATEMENT TRIGGER,5565,C
1000158,1000225,689254,2007-12-02,616108.74,SWS ZBA DEBIT TO SUB ACCOUNT,9595,C
1000158,1000180,287321,2003-05-14,638825.65,REVERSE MEMO ANALYSIS CHARGE DIRECT,7404,C
1000158,1000198,972271,2013-05-22,175616.72,STATE WITHHOLDING ADJUSTMENT - DEBIT,4257,D
1000159,1000244,779451,2007-11-06,972245.75,INT XFER TO 3RD PARTY (DEBIT) - NORMAL,4878,D
1000159,1000199,030693,2007-06-06,686466.47,VAULT CASH & CHECK DEPOSIT,7885,C
1000159,1000082,868249,2009-07-18,545179.29,INTEREST TRANSFER FROM,3814,D
1000160,1000243,853655,2012-06-01,200176.99,OVERDRAFT FINANCE CHARGE ACCRUAL,1056,D
1000160,1000259,424076,2014-05-26,450831.79,CREDIT INTEREST TRANSFERRED FROM TDA,0876,C
1000160,1000055,569433,2011-02-03,565188.43,REVERSE SERVICE CHARGE - ABF ADV FEE,5011,D
1000161,1000132,151921,2009-11-28,308609.52,REVERSE OVERDRAFT CHARGE TO ANALYSIS,2634,C
1000161,1000266,437220,2016-05-24,232694.03,INTERIM STATEMENT TRIGGER,3142,C
1000161,1000222,000890,2006-11-30,611017.43,PHONE TRANSFER DEPOSIT,5837,C
1000162,1000171,622300,2004-01-20,971057.20,INT XFER TO 3RD PARTY (DEBIT) - NORMAL,5168,D
1000162,1000254,909646,2011-08-23,954962.97,OVERDRAFT FINANCE CHARGE ACCRUAL,0849,C
1000162,1000291,228748,2013-08-27,784876.81,REV WEB CASH ADVANCE FROM CREDIT CARD,8713,C
1000163,1000264,703279,2016-05-24,83905.88,OVERDRAFT PROTECTION TRANSFER FEE,0548,D
1000163,1000213,000666,2005-08-08,628481.97,RECHARACTERIZED IRA CONTR-PARTIAL DR REV,3125,C
1000163,1000217,776937,2009-03-05,690016.19,REVERSE OVERDRAFT CHARGE TO ANALYSIS,5298,C
1000164,1000271,414446,2011-03-22,651001.84,PARTIAL W/D-W/PENALTY-DISABILITY DIST,8111,C
1000164,1000214,921793,2004-09-03,36769.35,PAYOUT TRANSFER CREDIT TO TDA,5135,C
1000164,1000030,421472,2013-10-05,307724.60,REV WEB CASH ADVANCE FROM CREDIT CARD,8082,D
1000165,1000244,197658,2004-04-08,584014.12,INT XFER TO 3RD PARTY (DEBIT) - NORMAL,8655,D
1000165,1000057,691566,2016-12-26,54769.49,W/D EXCESS CONTR-PRE YR ROTH,8774,D
1000165,1000015,914364,2018-01-15,484983.64,W/D PRE YR CONTR-DIR TRANS ROTH,7390,D
1000166,1000130,740585,2012-07-21,528466.16,REVERSE ACCIDENT INSURANCE ACCRUAL,1887,C
1000166,1000317,982295,2009-12-28,41427.64,REVERSE OVERDRAFT CHARGE TO ANALYSIS,0203,C
1000166,1000316,092364,2018-07-19,826368.71,INT XFER TO 3RD PARTY (DEBIT) - NORMAL,1380,D
1000167,1000028,910869,2012-12-12,566332.46,REV WAIVE ADDON FEE: OVERDRAFT TRANSFERS,4164,D
1000167,1000271,510484,2011-11-29,600981.68,STATE WITHHOLDING ADJUSTMENT - DEBIT,8842,C
1000167,1000279,318359,2011-07-05,117346.51,LOC PAYMENT - INTEREST ONLY,3042,D
1000168,1000146,651626,2006-09-15,142261.44,STATE WITHHOLDING ADJUSTMENT - DEBIT,2931,D
1000168,1000093,008955,2016-12-31,632046.64,INTEREST TRANSFER FROM,6715,D
1000168,1000242,039440,2012-03-06,906510.30,REV WEB CASH ADVANCE FROM CREDIT CARD,1590,D
1000169,1000154,450171,2005-09-08,912909.36,PARTIAL W/D-W/PENALTY-DISABILITY DIST,3671,D
1000169,1000008,534665,2013-07-16,215191.40,REVERSE SERVICE CHARGE - ABF ADV FEE,2455,C
1000169,1000023,391523,2005-09-27,945555.89,PARTIAL W/D-W/PENALTY-DISABILITY DIST,2377,C
1000170,1000065,964683,2017-04-22,983351.25,REVERSE SERVICE CHARGE - ABF ADV FEE,3437,C
1000170,1000113,342169,2017-01-15,326693.94,OVERDRAFT FINANCE CHARGE ACCRUAL,2281,C
1000170,1000182,472540,2013-02-27,530034.88,PHONE TRANSFER DEPOSIT,8070,C
1000171,1000227,609743,2004-11-11,316974.02,REVERSE ACCIDENT INSURANCE ACCRUAL,1569,D
1000171,1000259,736077,2009-02-14,813081.94,REV WEB CASH ADVANCE FROM CREDIT CARD,1702,D
1000171,1000171,433183,2014-08-13,944435.85,PAYOUT TRANSFER CREDIT TO TDA,0835,C
1000172,1000165,988196,2010-09-24,938866.19,LEASE SEC TEN. YE INT DISB DB ADJ REV,1168,C
1000172,1000316,625670,2005-04-04,40509.39,INTEREST TRANSFER FROM,3291,C
1000172,1000116,751896,2017-09-02,177206.20,STATE WITHHOLDING ADJUSTMENT - DEBIT,9531,C
1000173,1000085,191459,2017-04-23,991880.09,DEPOSITED ITEM RETURNED,8789,C
1000173,1000180,807776,2017-05-26,79606.73,REV WEB CASH ADVANCE FROM CREDIT CARD,5497,D
1000173,1000275,926419,2011-10-05,512686.85,LOC ADDITIONAL PAYMENT REQUEST,3352,C
1000174,1000332,246784,2014-02-23,415221.08,PARTIAL W/D-W/PENALTY-DISABILITY DIST,1611,C
1000174,1000121,223341,2018-06-30,198090.84,BATCH UNLINK TRANSACTION,6877,D
1000174,1000042,898894,2011-08-16,730664.33,LOC ADDITIONAL PAYMENT REQUEST,6066,C
1000175,1000141,876828,2005-02-11,243568.19,REVERSE MEMO ANALYSIS CHARGE DIRECT,4189,D
1000175,1000137,296113,2012-11-20,747183.70,REV WAIVE ADDON FEE: OVERDRAFT TRANSFERS,9597,D
1000175,1000116,503100,2010-07-08,567969.76,REV WEB CASH ADVANCE FROM CREDIT CARD,1975,D
1000176,1000313,550154,2006-09-06,262071.74,BANK LEVEL REPORT REQUEST,0863,D
1000176,1000215,771286,2018-10-22,80136.53,REVERSE SERVICE CHARGE - ABF ADV FEE,4638,C
1000176,1000217,019321,2011-11-12,366038.29,W/D PRE YR CONTR-DIR TRANS ROTH,2516,D
1000177,1000196,903684,2010-04-11,224092.19,LOC ADDITIONAL PAYMENT REQUEST,2416,C
1000177,1000116,093056,2017-10-05,702084.84,W/D EXCESS CONTR-PRE YR ROTH,5934,C
1000177,1000045,292333,2014-08-26,270251.92,LOC ADDITIONAL PAYMENT REQUEST,0642,D
1000178,1000308,193835,2016-06-17,830340.38,LOC ADDITIONAL PAYMENT REQUEST,6175,D
1000178,1000243,058922,2012-05-03,377699.43,VAULT CASH & CHECK DEPOSIT,6173,D
1000178,1000186,433671,2014-11-18,390994.46,STATE WITHHOLDING ADJUSTMENT - DEBIT,0660,C
1000179,1000189,276479,2003-06-09,733031.70,W/D PRE YR CONTR-DIR TRANS ROTH,3695,D
1000179,1000257,781954,2013-09-29,327229.58,CDS SIM GENERATED FIXED TRANSFER CREDIT,6501,D
1000179,1000142,448005,2017-12-26,170797.74,REVERSE ATM TRANSFER DDA TO SAVINGS,6130,D
1000180,1000052,816025,2018-09-12,596623.10,BATCH UNLINK TRANSACTION,3015,C
1000180,1000309,764513,2008-08-23,329398.57,INSUFFICIENT FUNDS FEE,4357,D
1000180,1000181,378899,2003-01-19,517848.05,VISA PIN PURCHASE WITH CASH BACK REV,3850,C
1000181,1000304,994666,2007-07-15,166422.19,PARTIAL W/D-W/PENALTY-DISABILITY DIST,6922,C
1000181,1000123,906595,2008-12-23,274469.88,PARTIAL W/D-W/PENALTY-DISABILITY DIST,6909,D
1000181,1000307,317505,2015-04-28,730589.27,INSUFFICIENT FUNDS FEE,1120,D
1000182,1000089,587503,2005-04-22,534653.61,TRUST TRANSFER DEBIT,4894,C
1000182,1000054,450299,2005-06-28,893901.87,REV WEB CASH ADVANCE FROM CREDIT CARD,8353,C
1000182,1000141,645603,2013-10-27,358235.87,ATM SURCHARGE REBATE,9249,C
1000183,1000313,660114,2010-04-12,935971.29,LOC PAYMENT - INTEREST ONLY,8258,D
1000183,1000298,471870,2010-08-04,657643.57,CREDIT INTEREST TRANSFERRED FROM TDA,4970,C
1000183,1000110,172944,2008-02-27,328406.50,REVERSE OVERDRAFT CHARGE TO ANALYSIS,2822,C
1000184,1000220,394448,2017-03-31,617630.18,LOC ADDITIONAL PAYMENT REQUEST,7417,D
1000184,1000265,260602,2006-10-17,832550.43,REVERSE SERVICE CHARGE - ABF ADV FEE,8718,D
1000184,1000175,046105,2013-02-10,809132.94,W/D EXCESS CONTR-PRE YR ROTH,6468,D
1000185,1000250,636263,2018-03-31,270600.02,REVERSE ATM TRANSFER DDA TO SAVINGS,9232,C
1000185,1000170,275690,2011-09-05,682946.10,STATE WITHHOLDING ADJUSTMENT - DEBIT,6702,D
1000185,1000278,143714,2011-11-28,527699.23,RECHARACTERIZED IRA CONTR-PARTIAL DR REV,7699,C
1000186,1000207,842279,2014-04-16,119822.09,VAULT CASH & CHECK DEPOSIT,5438,C
1000186,1000044,353671,2006-01-16,530318.27,OVERDRAFT FINANCE CHARGE ACCRUAL,3869,C
1000186,1000080,665464,2006-09-21,741392.35,W/D EXCESS CONTR-PRE YR ROTH,8889,D
1000187,1000229,250706,2008-12-30,460948.49,PHONE TRANSFER DEPOSIT,5608,C
1000187,1000205,385996,2003-02-19,298864.50,REVERSE MEMO ANALYSIS CHARGE DIRECT,8650,C
1000187,1000291,213854,2005-05-29,349677.43,PAYOUT TRANSFER CREDIT TO TDA,0438,C
1000188,1000079,115853,2011-08-11,460501.78,DEPOSITED ITEM RETURNED,7664,D
1000188,1000272,372832,2012-07-06,54865.10,PHONE TRANSFER DEPOSIT,5574,D
1000188,1000263,696930,2013-11-01,74451.92,LEASE SEC TEN. YE INT DISB DB ADJ REV,8646,C
1000189,1000186,245454,2013-05-17,20674.84,PHONE TRANSFER DEPOSIT,7372,C
1000189,1000021,192088,2011-07-19,809100.32,VISA PIN PURCHASE WITH CASH BACK REV,7705,D
1000189,1000232,538618,2015-08-23,47779.79,TRUST TRANSFER DEBIT,0702,C
1000190,1000078,864127,2005-07-20,207742.81,REVERSE ACCIDENT INSURANCE ACCRUAL,7700,D
1000190,1000238,479991,2012-10-23,603512.21,STATE WITHHOLDING ADJUSTMENT - DEBIT,5881,D
1000190,1000090,090225,2014-11-15,400169.81,VAULT CASH & CHECK DEPOSIT,8605,C
1000191,1000141,905749,2005-09-30,221.57,REVERSE ACCIDENT INSURANCE ACCRUAL,5741,C
1000191,1000319,924680,2007-02-26,703603.50,REV WAIVE ADDON FEE: OVERDRAFT TRANSFERS,0582,D
1000191,1000150,115744,2014-05-20,41608.20,CREDIT INTEREST TRANSFERRED FROM TDA,4409,D
1000192,1000293,024268,2018-11-30,851920.49,VISA PIN PURCHASE WITH CASH BACK REV,7055,D
1000192,1000017,515768,2016-05-24,444710.94,REVERSE MEMO ANALYSIS CHARGE DIRECT,7651,D
1000193,1000096,365529,2017-11-20,9900.07,OVERDRAFT FINANCE CHARGE ACCRUAL,7320,D
1000193,1000228,950318,2017-11-20,9900.74,REVERSE SERVICE CHARGE - ABF ADV FEE,2046,C
1000193,1000118,718255,2017-11-20,9900.98,INSUFFICIENT FUNDS FEE,8099,D
1000193,1000141,984990,2017-11-21,9900.05,REVERSE OVERDRAFT CHARGE TO ANALYSIS,2101,C
1000194,1000028,298698,2013-08-08,497661.86,REV WEB CASH ADVANCE FROM CREDIT CARD,2661,D
1000194,1000067,364290,2014-08-01,412753.51,OVERDRAFT PROTECTION TRANSFER FEE,6783,D
1000194,1000134,138716,2002-08-18,341629.80,REVERSE ACCIDENT INSURANCE ACCRUAL,6416,D
1000195,1000310,633375,2017-09-19,659855.62,REVERSE MEMO ANALYSIS CHARGE DIRECT,0385,C
1000195,1000104,345989,2015-10-05,968614.34,BANK LEVEL REPORT REQUEST,1899,C
1000195,1000113,439080,2015-03-13,754821.79,INSUFFICIENT FUNDS FEE,9873,D
1000196,1000000,306686,2003-06-16,782937.20,CDS SIM GENERATED FIXED TRANSFER CREDIT,8011,D
1000196,1000066,456749,2013-05-26,639829.93,OVERDRAFT FINANCE CHARGE ACCRUAL,6171,D
1000196,1000248,844964,2006-09-10,7854.39,OVERDRAFT FINANCE CHARGE ACCRUAL,9227,C
1000197,1000025,577044,2013-11-29,749579.71,PHONE TRANSFER DEPOSIT,7732,C
1000197,1000233,846221,2007-12-15,311980.11,REVERSE ACCIDENT INSURANCE ACCRUAL,6180,C
1000197,1000315,964899,2016-12-08,259753.09,LEASE SEC TEN. YE INT DISB DB ADJ REV,9669,D
1000198,1000220,348454,2006-03-02,485409.25,REVERSE SERVICE CHARGE - ABF ADV FEE,2398,D
1000198,1000130,606989,2004-10-20,153067.05,INT XFER TO 3RD PARTY (DEBIT) - NORMAL,4785,C
1000198,1000321,293205,2007-09-13,276153.24,TRUST TRANSFER DEBIT,6147,C
1000199,1000153,363593,2014-05-27,17953.99,REV PARTIAL WITHDRAWAL - NORMAL DIST,6064,D
1000199,1000158,734860,2013-10-20,114323.55,REV PARTIAL WITHDRAWAL - NORMAL DIST,9614,D
1000199,1000327,902652,2017-04-21,126532.48,OVERDRAFT FINANCE CHARGE ACCRUAL,5477,D
1000200,1000069,933710,2014-04-09,136751.50,RECHARACTERIZED IRA CONTR-PARTIAL DR REV,1321,D
1000200,1000163,767436,2007-10-20,737738.71,W/D PRE YR CONTR-DIR TRANS ROTH,5952,C
1000200,1000225,057296,2013-11-24,996928.58,REVERSE MEMO ANALYSIS CHARGE DIRECT,8710,C
1000201,1000309,618307,2002-11-13,96778.36,REVERSE SERVICE CHARGE - ABF ADV FEE,9259,D
1000201,1000259,631114,2002-04-22,574165.99,SWS ZBA DEBIT TO SUB ACCOUNT,0820,D
1000201,1000123,006381,2014-05-29,917760.17,PARTIAL W/D-W/PENALTY-DISABILITY DIST,2356,D
1000202,1000189,641420,2011-10-19,9900.53,REVERSE SERVICE CHARGE - ABF ADV FEE,1047,D
1000202,1000131,202121,2011-10-20,9900.62,REVERSE OVERDRAFT CHARGE TO ANALYSIS,9391,D
1000202,1000284,500432,2011-10-21,9900.76,EMPLOYER/SEPP OPENING DEPOSIT - PRIOR YR,9187,D
1000203,1000151,124056,2007-01-20,269662.24,VAULT CASH & CHECK DEPOSIT,8992,D
1000203,1000141,925888,2010-10-28,910708.59,PHONE TRANSFER DEPOSIT,2341,D
1000203,1000316,934852,2002-04-02,893796.65,REVERSE EARLY CLOSEOUT FEE,2240,C
1000204,1000079,301517,2015-03-03,204870.10,RECHARACTERIZED IRA CONTR-PARTIAL DR REV,1021,C
1000204,1000324,988138,2008-10-31,469860.68,REVERSE MEMO ANALYSIS CHARGE DIRECT,7766,C
1000204,1000253,615290,2002-05-02,170914.35,ATM SURCHARGE REBATE,8504,D
1000205,1000242,871447,2007-09-27,731623.86,REV PARTIAL WITHDRAWAL - NORMAL DIST,1142,C
1000205,1000212,025759,2009-07-24,967559.49,STATE WITHHOLDING ADJUSTMENT - DEBIT,3942,C
1000205,1000263,076471,2008-11-02,411312.38,ATM SURCHARGE REBATE,8058,D
1000206,1000221,468704,2009-01-11,569972.15,VISA PIN PURCHASE WITH CASH BACK REV,5497,C
1000206,1000321,802680,2012-10-18,738986.66,OVERDRAFT FINANCE CHARGE ACCRUAL,6383,C
1000206,1000024,568351,2009-10-09,484161.87,PHONE TRANSFER DEPOSIT,6688,C
1000207,1000146,625586,2016-09-29,959820.06,LOC PAYMENT - INTEREST ONLY,9715,D
1000207,1000138,561008,2006-01-05,16887.46,W/D EXCESS CONTR-PRE YR ROTH,4015,C
1000207,1000136,164844,2005-12-06,721750.53,INSUFFICIENT FUNDS FEE,6269,D
1000208,1000284,072951,2014-11-19,196762.83,LOC PAYMENT - INTEREST ONLY,3765,C
1000208,1000119,057473,2011-08-26,113126.17,REV PARTIAL WITHDRAWAL - NORMAL DIST,9010,D
1000208,1000202,718849,2017-05-07,546276.52,STATE WITHHOLDING ADJUSTMENT - DEBIT,4397,D
1000209,1000072,312124,2012-08-17,613755.00,TRUST TRANSFER DEBIT,1226,D
1000209,1000319,696979,2008-10-23,218126.04,PAYOUT TRANSFER CREDIT TO TDA,8521,D
1000209,1000253,805422,2015-11-04,991624.89,REVERSE EARLY CLOSEOUT FEE,5523,D
1000210,1000237,559699,2011-08-12,723658.67,STATE WITHHOLDING ADJUSTMENT - DEBIT,0887,C
1000210,1000002,109833,2015-08-21,961185.60,INT XFER TO 3RD PARTY (DEBIT) - NORMAL,1159,C
1000210,1000252,723362,2009-10-12,990071.48,OVERDRAFT FINANCE CHARGE ACCRUAL,6712,D
1000211,1000066,857125,2015-05-30,179891.24,INTERIM STATEMENT TRIGGER,9044,D
1000211,1000258,480663,2007-12-29,19470.54,LOC PAYMENT - INTEREST ONLY,9934,C
1000211,1000065,783870,2017-05-13,741560.80,PAYOUT TRANSFER CREDIT TO TDA,5146,C
1000212,1000026,740388,2007-05-01,107082.53,RECHARACTERIZED IRA CONTR-PARTIAL DR REV,8629,C
1000212,1000245,868484,2006-02-04,414994.50,INTEREST TRANSFER FROM,3113,D
1000212,1000332,743785,2016-09-05,155027.80,PAYOUT TRANSFER CREDIT TO TDA,2731,D
1000213,1000305,794260,2003-05-08,704362.80,CDS SIM GENERATED FIXED TRANSFER CREDIT,0987,C
1000213,1000331,208367,2009-05-09,648575.22,OVERDRAFT PROTECTION TRANSFER FEE,4797,C
1000213,1000212,294511,2018-06-23,441079.27,STATE WITHHOLDING ADJUSTMENT - DEBIT,1894,D
1000214,1000231,112956,2010-07-21,320245.87,LOC ADDITIONAL PAYMENT REQUEST,2826,D
1000214,1000290,543884,2017-09-10,395135.83,BATCH UNLINK TRANSACTION,6979,C
1000214,1000310,319702,2015-07-11,995881.33,TRUST TRANSFER DEBIT,8462,C
1000215,1000202,778877,2015-02-01,220618.45,OVERDRAFT FINANCE CHARGE ACCRUAL,1469,C
1000215,1000294,808439,2015-04-25,876509.52,INTERIM STATEMENT TRIGGER,5737,C
1000215,1000229,233206,2016-04-29,843803.40,INTEREST TRANSFER FROM,8439,C
1000216,1000134,281982,2008-07-29,577723.69,W/D EXCESS CONTR-PRE YR ROTH,4837,D
1000216,1000193,962896,2008-10-23,716775.59,REVERSE SERVICE CHARGE - ABF ADV FEE,5043,D
1000216,1000147,432059,2012-02-17,932709.02,SWS ZBA DEBIT TO SUB ACCOUNT,6655,C
1000217,1000111,350575,2018-10-11,11914.47,OVERDRAFT PROTECTION TRANSFER FEE,9053,C
1000217,1000053,745568,2018-04-27,412375.60,BANK LEVEL REPORT REQUEST,6760,D
1000217,1000217,574865,2014-02-26,247870.18,LOC PAYMENT - INTEREST ONLY,8346,C
1000218,1000276,109297,2008-11-07,328199.57,PARTIAL W/D-W/PENALTY-DISABILITY DIST,1720,D
1000218,1000194,629546,2003-03-20,295419.87,REVERSE ATM TRANSFER DDA TO SAVINGS,1072,D
1000218,1000283,695389,2016-05-17,698330.67,REVERSE SERVICE CHARGE - ABF ADV FEE,0876,D
1000219,1000233,963171,2014-06-06,289230.70,VAULT CASH & CHECK DEPOSIT,4011,D
1000219,1000028,453435,2013-07-19,199428.25,RECHARACTERIZED IRA CONTR-PARTIAL DR REV,0445,C
1000219,1000011,556774,2006-01-01,781937.38,PAYOUT TRANSFER CREDIT TO TDA,4133,D
1000220,1000238,822414,2016-04-29,897320.58,CREDIT INTEREST TRANSFERRED FROM TDA,0506,C
1000220,1000016,555872,2009-08-28,150281.50,PARTIAL W/D-W/PENALTY-DISABILITY DIST,6289,D
1000220,1000026,919233,2002-04-09,622234.66,ATM SURCHARGE REBATE,5413,C
1000221,1000033,854153,2014-03-18,934399.44,REVERSE ATM TRANSFER DDA TO SAVINGS,8707,C
1000221,1000064,584527,2011-01-31,409848.38,LEASE SEC TEN. YE INT DISB DB ADJ REV,8778,D
1000221,1000297,094099,2002-02-14,933409.88,REV WEB CASH ADVANCE FROM CREDIT CARD,8731,D
1000222,1000262,257186,2011-06-15,591651.93,LOC ADDITIONAL PAYMENT REQUEST,6853,C
1000222,1000298,806634,2002-06-06,890582.79,EMPLOYER/SEPP OPENING DEPOSIT - PRIOR YR,0812,C
1000222,1000102,141299,2014-04-03,232254.84,BANK LEVEL REPORT REQUEST,7865,C
1000223,1000331,548464,2007-03-23,628783.64,OVERDRAFT PROTECTION TRANSFER FEE,8300,C
1000223,1000330,721768,2008-10-03,808909.92,REVERSE EARLY CLOSEOUT FEE,1767,D
1000223,1000118,104586,2005-11-29,239693.75,TRUST TRANSFER DEBIT,7056,D
1000224,1000131,006874,2005-06-13,881473.68,REVERSE ATM TRANSFER DDA TO SAVINGS,8106,C
1000224,1000311,695382,2012-02-08,271806.84,REVERSE ACCIDENT INSURANCE ACCRUAL,2572,D
1000224,1000320,737624,2012-11-06,517511.14,REVERSE SERVICE CHARGE - ABF ADV FEE,9588,D
1000225,1000203,961675,2007-12-23,328871.98,LOC PAYMENT - INTEREST ONLY,2635,D
1000225,1000193,381174,2006-05-03,302014.17,BATCH UNLINK TRANSACTION,9727,D
1000225,1000223,239479,2004-07-12,61761.80,PARTIAL W/D-W/PENALTY-DISABILITY DIST,5685,D
1000226,1000242,901514,2004-01-02,633780.81,REVERSE ACCIDENT INSURANCE ACCRUAL,7946,C
1000226,1000297,084233,2002-05-25,621007.68,REV PARTIAL WITHDRAWAL - NORMAL DIST,7420,D
1000226,1000077,588850,2013-07-13,376731.42,REV PARTIAL WITHDRAWAL - NORMAL DIST,5962,D
1000227,1000180,208841,2013-08-09,691547.57,REV WAIVE ADDON FEE: OVERDRAFT TRANSFERS,5412,D
1000227,1000163,675607,2006-05-14,982326.33,LOC PAYMENT - INTEREST ONLY,4376,C
1000227,1000020,080065,2011-02-22,203373.67,DEPOSITED ITEM RETURNED,3943,D
1000228,1000072,256245,2013-04-02,533517.86,INTEREST TRANSFER FROM,3058,D
1000228,1000030,354506,2014-06-25,476880.23,BATCH UNLINK TRANSACTION,9894,D
1000228,1000097,363411,2012-03-02,490394.37,LOC PAYMENT - INTEREST ONLY,0269,D
1000229,1000091,521823,2015-08-05,277236.13,DEPOSITED ITEM RETURNED,4126,D
1000229,1000022,831480,2007-10-06,885305.71,REV WAIVE ADDON FEE: OVERDRAFT TRANSFERS,9568,D
1000229,1000163,991555,2018-10-03,603362.81,REV WEB CASH ADVANCE FROM CREDIT CARD,5494,C
1000230,1000013,343883,2014-09-16,723787.27,REVERSE SERVICE CHARGE - ABF ADV FEE,1179,C
1000230,1000208,264138,2005-12-16,484449.52,VISA PIN PURCHASE WITH CASH BACK REV,6690,C
1000230,1000183,456385,2011-07-13,124367.03,INTERIM STATEMENT TRIGGER,7272,C
1000231,1000162,198573,2003-03-11,376696.28,REV PARTIAL WITHDRAWAL - NORMAL DIST,8834,C
1000231,1000204,797656,2011-02-15,803658.34,INTERIM STATEMENT TRIGGER,6552,C
1000231,1000057,050306,2004-03-16,588262.15,SWS ZBA DEBIT TO SUB ACCOUNT,8681,C
1000232,1000246,735681,2008-07-25,911031.82,LOC PAYMENT - INTEREST ONLY,4723,C
1000232,1000163,720794,2010-05-06,347362.42,SWS ZBA DEBIT TO SUB ACCOUNT,0632,C
1000232,1000013,612594,2010-07-28,488878.62,VAULT CASH & CHECK DEPOSIT,5778,D
1000233,1000124,695778,2013-07-30,157134.11,TRUST TRANSFER DEBIT,9853,D
1000233,1000059,536164,2006-02-24,561536.82,VAULT CASH & CHECK DEPOSIT,1870,D
1000233,1000160,866584,2014-07-22,501625.30,BANK LEVEL REPORT REQUEST,3991,D
1000234,1000174,418213,2006-03-08,147278.54,ATM SURCHARGE REBATE,3260,C
1000234,1000163,499455,2004-12-07,736948.59,STATE WITHHOLDING ADJUSTMENT - DEBIT,3830,D
1000234,1000326,385285,2013-05-08,565968.63,INTERIM STATEMENT TRIGGER,6698,C
1000235,1000206,755968,2006-06-12,75915.17,RECHARACTERIZED IRA CONTR-PARTIAL DR REV,8733,D
1000235,1000263,272491,2002-06-01,75153.66,REV WAIVE ADDON FEE: OVERDRAFT TRANSFERS,4789,C
1000235,1000232,534995,2011-02-11,588634.93,BATCH UNLINK TRANSACTION,0886,D
1000236,1000084,929751,2004-05-21,122276.55,W/D PRE YR CONTR-DIR TRANS ROTH,7282,C
1000236,1000208,261044,2008-01-10,60363.72,RECHARACTERIZED IRA CONTR-PARTIAL DR REV,8329,D
1000236,1000230,037496,2009-11-09,283438.53,OVERDRAFT PROTECTION TRANSFER FEE,4286,D
1000237,1000027,814772,2018-06-15,922681.97,PARTIAL W/D-W/PENALTY-DISABILITY DIST,1665,D
1000237,1000183,805037,2011-08-19,460759.42,W/D EXCESS CONTR-PRE YR ROTH,5829,D
1000237,1000165,445739,2006-05-12,52429.17,PARTIAL W/D-W/PENALTY-DISABILITY DIST,8194,D
1000238,1000093,075860,2012-02-20,614347.69,TRUST TRANSFER DEBIT,4353,C
1000238,1000092,295800,2005-05-09,335013.49,REVERSE OVERDRAFT CHARGE TO ANALYSIS,2027,D
1000238,1000131,597959,2006-11-29,655948.25,STATE WITHHOLDING ADJUSTMENT - DEBIT,4231,C
1000239,1000325,082068,2015-01-30,235063.86,REVERSE ATM TRANSFER DDA TO SAVINGS,0488,D
1000239,1000150,687114,2005-09-05,786800.88,PAYOUT TRANSFER CREDIT TO TDA,2881,C
1000239,1000008,839780,2002-02-13,832769.44,W/D PRE YR CONTR-DIR TRANS ROTH,2028,D
1000240,1000059,223789,2016-11-25,62593.23,VAULT CASH & CHECK DEPOSIT,7458,C
1000240,1000148,637473,2014-03-03,427051.70,VISA PIN PURCHASE WITH CASH BACK REV,5808,C
1000240,1000177,228621,2012-06-04,46854.97,PARTIAL W/D-W/PENALTY-DISABILITY DIST,6486,C
1000241,1000180,745236,2013-03-09,855864.89,TRUST TRANSFER DEBIT,3621,D
1000241,1000325,674718,2002-04-12,252836.34,BATCH UNLINK TRANSACTION,0569,C
1000241,1000009,966996,2012-09-10,66211.91,BANK LEVEL REPORT REQUEST,0044,D
1000242,1000139,461391,2015-03-31,686443.59,LEASE SEC TEN. YE INT DISB DB ADJ REV,6001,C
1000242,1000069,310323,2011-01-26,569713.95,W/D EXCESS CONTR-PRE YR ROTH,3780,C
1000242,1000253,793867,2012-01-27,814679.12,INT XFER TO 3RD PARTY (DEBIT) - NORMAL,2929,D
1000243,1000021,949117,2014-08-25,-9397.93,PARTIAL W/D-W/PENALTY-DISABILITY DIST,1609,D
1000243,1000161,979993,2015-06-22,626419.02,PAYOUT TRANSFER CREDIT TO TDA,3831,C
1000243,1000189,251911,2014-04-25,599970.46,INT XFER TO 3RD PARTY (DEBIT) - NORMAL,4082,C
1000244,1000010,713396,2013-02-23,951937.75,BATCH UNLINK TRANSACTION,4437,D
1000244,1000159,284150,2014-12-01,746635.97,REVERSE SERVICE CHARGE - ABF ADV FEE,4439,C
1000244,1000021,170677,2014-03-27,186935.65,BANK LEVEL REPORT REQUEST,5266,C
1000245,1000001,239244,2010-03-09,854570.54,LOC PAYMENT - INTEREST ONLY,6723,C
1000245,1000288,002061,2004-03-14,218595.65,OVERDRAFT PROTECTION TRANSFER FEE,1648,D
1000245,1000219,715489,2008-04-23,767929.98,REVERSE SERVICE CHARGE - ABF ADV FEE,0520,C
1000246,1000090,360872,2010-11-16,660037.28,PARTIAL W/D-W/PENALTY-DISABILITY DIST,5568,C
1000246,1000172,237965,2008-01-28,229140.67,OVERDRAFT PROTECTION TRANSFER FEE,7291,D
1000246,1000333,440087,2017-11-02,145521.22,REV WAIVE ADDON FEE: OVERDRAFT TRANSFERS,2513,C
1000247,1000140,491188,2015-11-02,770958.97,PARTIAL W/D-W/PENALTY-DISABILITY DIST,9878,C
1000247,1000008,921929,2012-02-11,252746.26,REV PARTIAL WITHDRAWAL - NORMAL DIST,7015,C
1000247,1000267,697534,2018-10-30,544809.07,LOC ADDITIONAL PAYMENT REQUEST,7099,C
1000248,1000151,537615,2013-10-03,167350.49,VISA PIN PURCHASE WITH CASH BACK REV,1479,C
1000248,1000281,021147,2017-02-15,365374.66,LOC ADDITIONAL PAYMENT REQUEST,6556,C
1000248,1000283,246669,2010-07-17,120578.57,VISA PIN PURCHASE WITH CASH BACK REV,2334,C
1000249,1000008,545277,2014-09-05,820942.58,REVERSE OVERDRAFT CHARGE TO ANALYSIS,3168,C
1000249,1000311,900690,2009-07-14,279603.57,OVERDRAFT PROTECTION TRANSFER FEE,3634,D
1000249,1000073,386650,2012-10-05,81704.78,INT XFER TO 3RD PARTY (DEBIT) - NORMAL,6528,D
1000250,1000007,244675,2004-02-09,411164.88,REVERSE MEMO ANALYSIS CHARGE DIRECT,3155,C
1000250,1000220,510424,2007-06-23,907351.47,INSUFFICIENT FUNDS FEE,6419,D
1000250,1000317,105503,2015-10-01,533250.57,OVERDRAFT PROTECTION TRANSFER FEE,6795,D
1000251,1000160,043270,2013-10-25,608062.38,TRUST TRANSFER DEBIT,7955,C
1000251,1000139,148205,2015-01-24,824026.39,OVERDRAFT PROTECTION TRANSFER FEE,1580,C
1000251,1000298,045381,2018-03-24,237847.92,PHONE TRANSFER DEPOSIT,3038,C
1000252,1000203,022294,2011-03-28,140330.76,INTERIM STATEMENT TRIGGER,8038,C
1000252,1000255,563373,2005-10-16,10825.93,VAULT CASH & CHECK DEPOSIT,7745,C
1000252,1000121,605797,2010-04-22,309035.81,EMPLOYER/SEPP OPENING DEPOSIT - PRIOR YR,9838,C
1000253,1000086,647494,2009-07-20,590787.72,OVERDRAFT PROTECTION TRANSFER FEE,4979,D
1000253,1000238,978080,2004-04-17,137580.85,REVERSE MEMO ANALYSIS CHARGE DIRECT,3261,C
1000253,1000006,221390,2013-10-04,37863.03,CREDIT INTEREST TRANSFERRED FROM TDA,2350,D
1000254,1000118,480380,2018-05-28,119486.62,REVERSE EARLY CLOSEOUT FEE,5889,D
1000254,1000020,796620,2017-12-26,722579.94,W/D PRE YR CONTR-DIR TRANS ROTH,1617,C
1000254,1000143,077151,2003-04-19,688399.20,PHONE TRANSFER DEPOSIT,4548,D
1000255,1000199,180083,2007-01-16,622107.70,CREDIT INTEREST TRANSFERRED FROM TDA,4032,D
1000255,1000033,297725,2009-08-29,358303.24,INTERIM STATEMENT TRIGGER,4024,D
1000255,1000010,601595,2010-10-09,205006.59,W/D EXCESS CONTR-PRE YR ROTH,3975,C
1000256,1000086,433134,2002-12-11,444599.05,CREDIT INTEREST TRANSFERRED FROM TDA,6976,C
1000256,1000051,939081,2003-03-13,360849.96,EMPLOYER/SEPP OPENING DEPOSIT - PRIOR YR,9460,C
1000256,1000237,492423,2005-10-22,762724.06,REVERSE EARLY CLOSEOUT FEE,6484,D
1000257,1000125,242965,2012-11-13,548641.52,EMPLOYER/SEPP OPENING DEPOSIT - PRIOR YR,5998,C
1000257,1000284,303747,2016-10-14,777574.48,REV WAIVE ADDON FEE: OVERDRAFT TRANSFERS,5797,C
1000257,1000183,106228,2006-07-31,449278.96,INTERIM STATEMENT TRIGGER,0630,C
1000258,1000087,482406,2006-10-21,376326.97,INTERIM STATEMENT TRIGGER,9519,D
1000258,1000003,857093,2017-03-26,70246.61,LOC ADDITIONAL PAYMENT REQUEST,9175,C
1000258,1000152,616944,2014-10-07,392448.80,VAULT CASH & CHECK DEPOSIT,9572,C
1000259,1000100,546813,2006-12-02,521786.69,LEASE SEC TEN. YE INT DISB DB ADJ REV,4123,D
1000259,1000194,368862,2014-06-02,231296.15,VAULT CASH & CHECK DEPOSIT,3014,C
1000259,1000230,608064,2010-05-24,485236.36,LEASE SEC TEN. YE INT DISB DB ADJ REV,5205,C
1000260,1000273,387114,2009-08-22,118418.44,PHONE TRANSFER DEPOSIT,4888,D
1000260,1000058,697050,2013-05-16,917694.14,INTERIM STATEMENT TRIGGER,4261,C
1000260,1000267,891354,2018-07-04,559603.24,OVERDRAFT PROTECTION TRANSFER FEE,1863,C
1000261,1000069,904141,2017-02-20,597245.80,INSUFFICIENT FUNDS FEE,1955,D
1000261,1000026,686012,2018-11-16,424401.28,LEASE SEC TEN. YE INT DISB DB ADJ REV,4974,D
1000261,1000278,423339,2013-09-18,801902.02,PARTIAL W/D-W/PENALTY-DISABILITY DIST,3933,C
1000262,1000302,744146,2017-05-04,368046.40,PARTIAL W/D-W/PENALTY-DISABILITY DIST,1487,D
1000262,1000251,239955,2002-07-13,325957.87,PARTIAL W/D-W/PENALTY-DISABILITY DIST,8146,C
1000262,1000079,150609,2016-03-14,67852.27,REV WEB CASH ADVANCE FROM CREDIT CARD,1620,D
1000263,1000050,454457,2005-02-04,569841.46,REV PARTIAL WITHDRAWAL - NORMAL DIST,9792,C
1000263,1000185,078623,2009-07-26,55580.23,REVERSE ATM TRANSFER DDA TO SAVINGS,6151,C
1000263,1000116,586645,2017-02-15,230459.86,REVERSE ACCIDENT INSURANCE ACCRUAL,3832,C
1000264,1000150,464579,2016-09-23,627178.48,REV WEB CASH ADVANCE FROM CREDIT CARD,3396,C
1000264,1000245,078486,2009-05-09,849438.50,W/D PRE YR CONTR-DIR TRANS ROTH,7016,C
1000264,1000307,927306,2002-04-29,632036.95,SWS ZBA DEBIT TO SUB ACCOUNT,6424,D
1000265,1000075,574136,2004-02-09,271747.12,EMPLOYER/SEPP OPENING DEPOSIT - PRIOR YR,4325,C
1000265,1000050,335870,2008-01-17,220740.60,REV WEB CASH ADVANCE FROM CREDIT CARD,4253,D
1000266,1000246,658742,2012-09-27,9900.10,INT XFER TO 3RD PARTY (DEBIT) - NORMAL,1451,D
1000266,1000179,268725,2012-09-27,9900.68,INSUFFICIENT FUNDS FEE,4791,D
1000266,1000101,051005,2012-09-28,9900.81,REVERSE OVERDRAFT CHARGE TO ANALYSIS,3647,C
1000266,1000330,185845,2012-09-28,9900.84,EMPLOYER/SEPP OPENING DEPOSIT - PRIOR YR,2341,C
1000266,1000291,620944,2012-09-29,9900.81,EMPLOYER/SEPP OPENING DEPOSIT - PRIOR YR,5054,C
1000266,1000210,084263,2012-09-29,9900.37,INSUFFICIENT FUNDS FEE,3904,D
1000267,1000268,610741,2002-12-25,921764.55,W/D PRE YR CONTR-DIR TRANS ROTH,1315,C
1000268,1000041,140723,2009-10-08,666047.11,DEPOSITED ITEM RETURNED,6596,D
1000268,1000170,762567,2004-02-02,448859.44,CREDIT INTEREST TRANSFERRED FROM TDA,1052,C
1000268,1000028,030381,2014-09-08,67936.88,OVERDRAFT FINANCE CHARGE ACCRUAL,8263,C
1000269,1000320,384425,2016-07-13,24232.16,REV PARTIAL WITHDRAWAL - NORMAL DIST,8360,C
1000269,1000324,263925,2006-02-11,361971.56,VAULT CASH & CHECK DEPOSIT,2756,D
1000269,1000204,378037,2016-03-18,325581.33,PARTIAL W/D-W/PENALTY-DISABILITY DIST,4304,C
1000270,1000116,939442,2005-08-17,377756.99,PARTIAL W/D-W/PENALTY-DISABILITY DIST,8722,C
1000270,1000012,421249,2017-04-07,890323.73,SWS ZBA DEBIT TO SUB ACCOUNT,8742,C
1000270,1000174,705840,2004-03-30,365650.19,REV WEB CASH ADVANCE FROM CREDIT CARD,3165,D
1000271,1000124,266608,2016-03-04,473823.13,REVERSE OVERDRAFT CHARGE TO ANALYSIS,9271,C
1000271,1000014,045118,2018-01-21,950199.66,REVERSE EARLY CLOSEOUT FEE,6580,C
1000271,1000288,916191,2011-01-13,543051.51,REV PARTIAL WITHDRAWAL - NORMAL DIST,7728,D
1000272,1000315,168165,2009-08-05,797715.81,REVERSE MEMO ANALYSIS CHARGE DIRECT,6783,C
1000272,1000312,221458,2009-03-27,73515.55,PAYOUT TRANSFER CREDIT TO TDA,8186,C
1000272,1000227,439235,2008-03-20,759899.56,REVERSE OVERDRAFT CHARGE TO ANALYSIS,4739,D
1000273,1000275,719384,2009-01-10,110168.56,VISA PIN PURCHASE WITH CASH BACK REV,3287,C
1000273,1000323,768058,2013-05-03,712556.71,INTEREST TRANSFER FROM,1984,C
1000273,1000228,034170,2015-12-25,461082.18,SWS ZBA DEBIT TO SUB ACCOUNT,1141,D
1000274,1000200,204004,2010-12-21,213174.35,REV WAIVE ADDON FEE: OVERDRAFT TRANSFERS,6679,C
1000274,1000270,830208,2007-02-09,844704.59,PARTIAL W/D-W/PENALTY-DISABILITY DIST,6455,D
1000274,1000199,942289,2015-10-28,963410.41,REV WAIVE ADDON FEE: OVERDRAFT TRANSFERS,5853,C
1000275,1000216,115612,2017-09-12,565196.79,EMPLOYER/SEPP OPENING DEPOSIT - PRIOR YR,3327,C
1000275,1000198,467250,2003-12-03,414149.79,LOC PAYMENT - INTEREST ONLY,2609,D
1000275,1000153,983855,2003-04-01,775296.24,INTEREST TRANSFER FROM,4632,C
1000276,1000239,570895,2006-11-20,689303.75,REVERSE EARLY CLOSEOUT FEE,9699,D
1000276,1000112,151445,2012-11-21,187221.28,INSUFFICIENT FUNDS FEE,8850,C
1000276,1000233,005194,2014-10-07,882049.29,CREDIT INTEREST TRANSFERRED FROM TDA,9357,C
1000277,1000086,024896,2015-09-13,115095.70,REV PARTIAL WITHDRAWAL - NORMAL DIST,8855,C
1000277,1000092,550701,2004-03-23,685469.67,BANK LEVEL REPORT REQUEST,8349,C
1000277,1000153,162203,2018-02-12,531937.52,VISA PIN PURCHASE WITH CASH BACK REV,1972,C
1000278,1000093,842864,2002-04-16,296088.19,REV WAIVE ADDON FEE: OVERDRAFT TRANSFERS,0730,C
1000278,1000182,068986,2010-12-12,802507.44,DEPOSITED ITEM RETURNED,2068,C
1000278,1000298,845885,2004-05-27,364632.79,INTEREST TRANSFER FROM,3565,D
1000279,1000329,210018,2010-11-18,184668.13,REV WEB CASH ADVANCE FROM CREDIT CARD,4472,D
1000279,1000331,191100,2008-11-24,378778.88,DEPOSITED ITEM RETURNED,9719,C
1000279,1000271,761743,2004-01-06,911339.23,DEPOSITED ITEM RETURNED,4934,D
1000280,1000281,582954,2006-01-19,823525.19,INTERIM STATEMENT TRIGGER,8677,C
1000280,1000137,887193,2010-05-02,408600.89,BANK LEVEL REPORT REQUEST,8031,D
1000280,1000081,313543,2016-08-16,611701.17,REVERSE ATM TRANSFER DDA TO SAVINGS,2963,D
1000281,1000317,224061,2007-09-15,455442.51,REV PARTIAL WITHDRAWAL - NORMAL DIST,0862,D
1000281,1000320,121357,2017-03-10,487332.56,LOC ADDITIONAL PAYMENT REQUEST,0796,C
1000281,1000030,913721,2015-06-10,522570.35,W/D PRE YR CONTR-DIR TRANS ROTH,4987,D
1000282,1000063,990337,2008-08-31,161208.85,OVERDRAFT FINANCE CHARGE ACCRUAL,5726,C
1000282,1000003,401966,2010-03-13,946407.52,REVERSE SERVICE CHARGE - ABF ADV FEE,9896,C
1000282,1000241,252320,2010-12-06,371673.11,OVERDRAFT PROTECTION TRANSFER FEE,6363,D
1000283,1000161,460282,2008-02-04,686587.21,INSUFFICIENT FUNDS FEE,4252,D
1000283,1000100,032827,2017-04-09,650414.16,LOC PAYMENT - INTEREST ONLY,5116,D
1000283,1000252,816456,2005-02-15,614349.06,PHONE TRANSFER DEPOSIT,3478,C
1000284,1000079,349477,2013-11-21,180108.52,REVERSE EARLY CLOSEOUT FEE,4589,C
1000284,1000197,124250,2002-07-31,713711.71,LOC PAYMENT - INTEREST ONLY,1779,D
1000284,1000102,316303,2016-07-19,555136.32,W/D PRE YR CONTR-DIR TRANS ROTH,9720,C
1000285,1000328,634745,2017-05-03,308227.50,LOC ADDITIONAL PAYMENT REQUEST,8736,D
1000285,1000307,322288,2007-05-18,116681.27,BATCH UNLINK TRANSACTION,8198,C
1000285,1000087,002214,2010-07-25,-5877.57,SWS ZBA DEBIT TO SUB ACCOUNT,7384,C
1000286,1000326,736209,2017-06-10,5176.12,TRUST TRANSFER DEBIT,0365,C
1000286,1000165,577735,2011-06-24,131883.07,BANK LEVEL REPORT REQUEST,5530,C
1000286,1000068,912827,2006-05-27,874749.05,BATCH UNLINK TRANSACTION,6250,D
1000287,1000221,116557,2013-01-09,101327.99,REVERSE ACCIDENT INSURANCE ACCRUAL,4441,C
1000287,1000255,193325,2017-07-01,875546.36,SWS ZBA DEBIT TO SUB ACCOUNT,6305,D
1000287,1000141,848159,2002-11-16,627079.97,SWS ZBA DEBIT TO SUB ACCOUNT,1951,D
1000288,1000217,810044,2011-01-14,623375.31,INTERIM STATEMENT TRIGGER,5788,C
1000288,1000097,304063,2018-04-01,315602.98,W/D EXCESS CONTR-PRE YR ROTH,1587,C
1000288,1000049,922149,2002-12-18,-9751.20,REV PARTIAL WITHDRAWAL - NORMAL DIST,8235,D
1000289,1000322,392236,2013-12-16,900350.30,LOC ADDITIONAL PAYMENT REQUEST,6278,D
1000289,1000138,131715,2017-03-02,610232.66,LOC ADDITIONAL PAYMENT REQUEST,4370,C
1000289,1000322,820661,2014-11-30,633671.41,INSUFFICIENT FUNDS FEE,6903,D
1000290,1000258,921187,2007-04-27,884714.20,BATCH UNLINK TRANSACTION,7109,D
1000290,1000167,616749,2005-12-20,854988.41,W/D PRE YR CONTR-DIR TRANS ROTH,2903,D
1000290,1000131,487904,2011-12-18,858573.54,W/D EXCESS CONTR-PRE YR ROTH,2860,C
1000291,1000070,416931,2015-05-18,291751.18,DEPOSITED ITEM RETURNED,7310,D
1000291,1000083,831042,2004-06-01,23126.87,BATCH UNLINK TRANSACTION,9239,C
1000291,1000034,612030,2017-10-18,812490.17,REV WAIVE ADDON FEE: OVERDRAFT TRANSFERS,2928,D
1000292,1000150,827873,2015-08-10,482868.66,VISA PIN PURCHASE WITH CASH BACK REV,5706,C
1000292,1000314,402838,2017-12-29,984280.52,W/D EXCESS CONTR-PRE YR ROTH,6457,C
1000292,1000125,461520,2014-04-07,954455.59,DEPOSITED ITEM RETURNED,0511,C
1000293,1000245,277685,2011-07-07,864144.49,INSUFFICIENT FUNDS FEE,7774,C
1000293,1000292,435918,2013-05-05,999486.74,REVERSE ACCIDENT INSURANCE ACCRUAL,5149,D
1000293,1000172,091071,2006-05-30,179708.60,ATM SURCHARGE REBATE,1836,C
1000294,1000296,270754,2004-01-09,773005.94,REVERSE ATM TRANSFER DDA TO SAVINGS,3667,D
1000294,1000255,508692,2008-11-05,20857.11,RECHARACTERIZED IRA CONTR-PARTIAL DR REV,7380,C
1000294,1000163,593196,2010-03-25,481678.64,REVERSE EARLY CLOSEOUT FEE,1655,D
1000295,1000073,265136,2018-02-09,697414.31,LEASE SEC TEN. YE INT DISB DB ADJ REV,9767,C
1000295,1000083,372743,2003-02-08,690082.10,INT XFER TO 3RD PARTY (DEBIT) - NORMAL,5225,D
1000295,1000054,331337,2004-01-09,629016.58,REVERSE ATM TRANSFER DDA TO SAVINGS,1106,D
1000296,1000243,056233,2015-03-20,818262.21,DEPOSITED ITEM RETURNED,2075,D
1000296,1000071,303252,2014-09-02,885286.39,W/D EXCESS CONTR-PRE YR ROTH,4322,C
1000296,1000231,026927,2010-10-15,940944.56,REVERSE MEMO ANALYSIS CHARGE DIRECT,0377,D
1000297,1000143,548062,2016-12-04,912279.86,ATM SURCHARGE REBATE,3989,D
1000297,1000314,114224,2002-06-27,525841.79,REVERSE EARLY CLOSEOUT FEE,1617,C
1000297,1000173,685839,2008-08-24,795387.17,TRUST TRANSFER DEBIT,0091,C
1000298,1000312,961973,2017-07-22,767197.97,OVERDRAFT PROTECTION TRANSFER FEE,9409,D
1000298,1000171,257066,2009-05-06,-3238.87,REVERSE EARLY CLOSEOUT FEE,4068,D
1000298,1000321,386461,2010-10-07,231384.33,LEASE SEC TEN. YE INT DISB DB ADJ REV,7413,C
1000299,1000047,422805,2015-06-11,57754.74,CDS SIM GENERATED FIXED TRANSFER CREDIT,3924,C
1000299,1000003,097747,2014-04-30,414285.38,REVERSE SERVICE CHARGE - ABF ADV FEE,8346,D
1000299,1000127,237385,2005-12-24,232000.97,REVERSE EARLY CLOSEOUT FEE,8794,C
1000300,1000164,463965,2004-01-14,139718.01,W/D EXCESS CONTR-PRE YR ROTH,6024,D
1000300,1000143,778620,2011-08-23,172708.83,W/D EXCESS CONTR-PRE YR ROTH,2635,D
1000300,1000148,995001,2013-07-07,255776.41,PARTIAL W/D-W/PENALTY-DISABILITY DIST,7415,D
1000301,1000199,202369,2013-09-05,811253.65,W/D PRE YR CONTR-DIR TRANS ROTH,7883,D
1000301,1000278,661073,2003-01-05,-6470.43,INTERIM STATEMENT TRIGGER,9902,D
1000301,1000156,118776,2008-05-27,996612.11,LOC ADDITIONAL PAYMENT REQUEST,3667,D
1000302,1000149,388783,2015-01-15,721886.23,INTERIM STATEMENT TRIGGER,9209,D
1000302,1000110,407278,2004-09-11,499645.45,PAYOUT TRANSFER CREDIT TO TDA,7168,D
1000302,1000202,608270,2004-11-09,589162.16,VISA PIN PURCHASE WITH CASH BACK REV,1936,C
1000303,1000292,886369,2007-10-08,842473.85,REVERSE OVERDRAFT CHARGE TO ANALYSIS,4175,C
1000303,1000053,096871,2009-04-25,75627.64,CREDIT INTEREST TRANSFERRED FROM TDA,3523,C
1000303,1000327,118823,2007-06-15,703328.51,REVERSE ACCIDENT INSURANCE ACCRUAL,9523,D
1000304,1000096,175966,2013-09-21,742229.56,CDS SIM GENERATED FIXED TRANSFER CREDIT,8758,D
1000304,1000005,141044,2005-04-26,740955.75,OVERDRAFT PROTECTION TRANSFER FEE,8770,C
1000304,1000027,907218,2011-01-01,704882.86,OVERDRAFT PROTECTION TRANSFER FEE,6598,D
1000305,1000132,459292,2008-01-27,203025.80,OVERDRAFT FINANCE CHARGE ACCRUAL,1849,D
1000305,1000060,758655,2013-07-30,678804.55,REVERSE ACCIDENT INSURANCE ACCRUAL,8803,C
1000305,1000124,822664,2010-01-24,633016.30,LOC PAYMENT - INTEREST ONLY,4926,C
1000306,1000228,520402,2010-04-24,782914.19,OVERDRAFT PROTECTION TRANSFER FEE,0753,C
1000306,1000107,726135,2006-02-20,532612.99,REV PARTIAL WITHDRAWAL - NORMAL DIST,0422,D
1000306,1000283,234141,2018-06-16,253815.52,BATCH UNLINK TRANSACTION,9704,C
1000307,1000033,351619,2005-02-08,124652.34,REVERSE OVERDRAFT CHARGE TO ANALYSIS,1806,D
1000307,1000186,488762,2016-07-24,27363.69,REVERSE ACCIDENT INSURANCE ACCRUAL,9209,C
1000307,1000154,479271,2012-06-18,707250.37,REVERSE ATM TRANSFER DDA TO SAVINGS,0795,D
1000308,1000296,247495,2013-03-26,889267.94,RECHARACTERIZED IRA CONTR-PARTIAL DR REV,5301,C
1000308,1000126,861884,2018-01-16,999456.51,REV WEB CASH ADVANCE FROM CREDIT CARD,8288,D
1000308,1000184,504577,2007-07-06,101893.60,REVERSE SERVICE CHARGE - ABF ADV FEE,8028,C
1000309,1000252,579184,2008-07-13,713216.75,REVERSE ACCIDENT INSURANCE ACCRUAL,0001,D
1000309,1000141,482047,2008-01-30,885184.90,EMPLOYER/SEPP OPENING DEPOSIT - PRIOR YR,3534,C
1000309,1000287,865126,2003-09-02,334347.70,SWS ZBA DEBIT TO SUB ACCOUNT,6131,C
1000310,1000099,489628,2009-01-23,774105.74,DEPOSITED ITEM RETURNED,5404,D
1000310,1000169,267014,2009-11-02,843977.02,EMPLOYER/SEPP OPENING DEPOSIT - PRIOR YR,9255,D
1000310,1000018,170478,2013-12-19,417232.18,CREDIT INTEREST TRANSFERRED FROM TDA,9217,C
1000311,1000113,323484,2004-10-10,606008.82,OVERDRAFT FINANCE CHARGE ACCRUAL,5137,D
1000311,1000200,974813,2018-09-01,508031.66,INTERIM STATEMENT TRIGGER,7138,C
1000311,1000006,380466,2006-03-17,966143.20,REVERSE SERVICE CHARGE - ABF ADV FEE,6550,D
1000312,1000056,562587,2010-12-02,899767.12,REV WEB CASH ADVANCE FROM CREDIT CARD,3899,C
1000312,1000136,135094,2002-07-31,800790.75,SWS ZBA DEBIT TO SUB ACCOUNT,6709,C
1000312,1000194,720940,2007-04-26,701383.99,PHONE TRANSFER DEPOSIT,4696,C
1000313,1000117,476354,2004-01-28,368745.52,LEASE SEC TEN. YE INT DISB DB ADJ REV,6665,D
1000313,1000324,376210,2004-02-08,933790.20,REVERSE EARLY CLOSEOUT FEE,2979,D
1000313,1000330,152405,2015-03-28,121650.24,W/D EXCESS CONTR-PRE YR ROTH,6441,D
1000315,1000134,183603,2010-04-18,9900.56,VISA PIN PURCHASE WITH CASH BACK REV,1690,D
1000315,1000205,978417,2010-04-18,9900.35,CREDIT INTEREST TRANSFERRED FROM TDA,7718,D
1000315,1000323,848709,2010-04-19,9900.31,PHONE TRANSFER DEPOSIT,6961,D
1000315,1000272,625904,2010-04-20,9900.39,OVERDRAFT FINANCE CHARGE ACCRUAL,0234,D
1000315,1000002,422002,2010-04-20,9900.63,REVERSE EARLY CLOSEOUT FEE,4935,C
1000315,1000042,329145,2010-04-20,9900.82,CREDIT INTEREST TRANSFERRED FROM TDA,4820,C
1000316,1000188,272776,2013-04-17,352229.19,SWS ZBA DEBIT TO SUB ACCOUNT,6097,D
1000316,1000146,238795,2002-05-28,249962.10,VISA PIN PURCHASE WITH CASH BACK REV,5320,C
1000316,1000191,258878,2015-08-14,744868.07,REVERSE SERVICE CHARGE - ABF ADV FEE,4241,C
1000317,1000198,802185,2017-01-26,259266.93,OVERDRAFT PROTECTION TRANSFER FEE,7624,C
1000317,1000287,834351,2007-10-18,21695.12,VISA PIN PURCHASE WITH CASH BACK REV,2390,C
1000317,1000022,631694,2003-12-12,470813.90,REV WAIVE ADDON FEE: OVERDRAFT TRANSFERS,5194,D
1000318,1000197,583411,2008-11-30,17199.42,INSUFFICIENT FUNDS FEE,3305,D
1000318,1000034,052302,2007-08-16,518709.64,OVERDRAFT FINANCE CHARGE ACCRUAL,1822,C
1000318,1000046,187397,2005-11-20,428425.08,OVERDRAFT FINANCE CHARGE ACCRUAL,2143,C
1000319,1000019,351430,2011-07-21,514977.72,REV WAIVE ADDON FEE: OVERDRAFT TRANSFERS,4950,C
1000319,1000176,013950,2003-03-15,914010.67,ATM SURCHARGE REBATE,1268,D
1000319,1000059,916818,2016-12-07,307688.55,INSUFFICIENT FUNDS FEE,6086,C
1000320,1000274,737430,2003-11-11,798612.15,VISA PIN PURCHASE WITH CASH BACK REV,0440,C
1000320,1000004,158622,2012-01-08,656239.34,CDS SIM GENERATED FIXED TRANSFER CREDIT,4223,C
1000320,1000253,897188,2012-06-11,481954.89,OVERDRAFT FINANCE CHARGE ACCRUAL,0810,D
1000321,1000045,108922,2017-05-17,279350.88,LOC PAYMENT - INTEREST ONLY,1189,D
1000321,1000033,176794,2008-04-16,403140.20,REV WAIVE ADDON FEE: OVERDRAFT TRANSFERS,8525,C
1000321,1000015,090131,2004-10-15,581218.37,PAYOUT TRANSFER CREDIT TO TDA,6684,D
1000322,1000226,639861,2007-06-25,553808.49,OVERDRAFT PROTECTION TRANSFER FEE,2014,C
1000322,1000307,371020,2003-12-18,231248.88,REVERSE ATM TRANSFER DDA TO SAVINGS,2598,C
1000322,1000219,682444,2009-09-01,959100.35,INSUFFICIENT FUNDS FEE,8152,D
1000323,1000177,140519,2008-11-21,30000.46,REVERSE ATM TRANSFER DDA TO SAVINGS,5983,D
1000323,1000034,217004,2008-11-22,30000.66,REV PARTIAL WITHDRAWAL - NORMAL DIST,6609,C
1000323,1000198,757141,2008-11-23,30000.93,REVERSE SERVICE CHARGE - ABF ADV FEE,3600,D
1000323,1000012,814424,2008-11-24,30000.97,VAULT CASH & CHECK DEPOSIT,7301,C
1000323,1000023,250494,2008-11-25,30000.53,INT XFER TO 3RD PARTY (DEBIT) - NORMAL,3003,C
1000324,1000329,981647,2016-07-11,950024.54,INTEREST TRANSFER FROM,7311,C
1000325,1000315,857440,2011-12-05,997981.20,PHONE TRANSFER DEPOSIT,1010,D
1000325,1000286,921649,2011-10-18,431761.68,PHONE TRANSFER DEPOSIT,0523,C
1000325,1000115,872631,2014-03-08,299210.47,REVERSE OVERDRAFT CHARGE TO ANALYSIS,8008,D
1000326,1000293,302514,2015-12-05,381080.91,EMPLOYER/SEPP OPENING DEPOSIT - PRIOR YR,8106,D
1000326,1000177,871323,2012-10-01,490727.31,RECHARACTERIZED IRA CONTR-PARTIAL DR REV,4833,D
1000326,1000101,919959,2002-07-26,673656.73,LEASE SEC TEN. YE INT DISB DB ADJ REV,3675,D
1000327,1000309,716982,2017-04-04,801292.87,SWS ZBA DEBIT TO SUB ACCOUNT,8640,C
1000327,1000070,569536,2014-05-26,857528.42,SWS ZBA DEBIT TO SUB ACCOUNT,4364,D
1000327,1000015,204173,2010-02-07,361366.97,REV WAIVE ADDON FEE: OVERDRAFT TRANSFERS,0059,C
1000328,1000285,541216,2013-04-03,440630.40,REVERSE OVERDRAFT CHARGE TO ANALYSIS,6187,C
1000328,1000097,117679,2016-12-18,532966.80,W/D EXCESS CONTR-PRE YR ROTH,3352,D
1000328,1000121,651239,2015-01-06,714702.10,LOC ADDITIONAL PAYMENT REQUEST,4356,C
1000329,1000205,705777,2011-11-11,197082.80,REVERSE OVERDRAFT CHARGE TO ANALYSIS,2609,D
1000329,1000157,465718,2002-11-20,289379.18,TRUST TRANSFER DEBIT,2648,D
1000329,1000175,933188,2013-07-13,426303.52,REVERSE ATM TRANSFER DDA TO SAVINGS,0803,D
1000330,1000083,973707,2012-01-08,24657.65,PARTIAL W/D-W/PENALTY-DISABILITY DIST,0620,D
1000330,1000108,267907,2005-02-01,706128.68,TRUST TRANSFER DEBIT,6316,C
1000330,1000288,798162,2003-10-11,12891.03,RECHARACTERIZED IRA CONTR-PARTIAL DR REV,7397,D
1000331,1000119,345553,2004-04-22,956203.56,BANK LEVEL REPORT REQUEST,9447,C
1000331,1000144,854414,2010-02-11,458864.39,TRUST TRANSFER DEBIT,0994,D
1000331,1000084,437552,2010-04-06,938627.57,OVERDRAFT FINANCE CHARGE ACCRUAL,8095,D
1000332,1000096,263296,2016-06-04,494822.82,RECHARACTERIZED IRA CONTR-PARTIAL DR REV,6275,C
1000332,1000126,088852,2016-11-29,666952.52,PAYOUT TRANSFER CREDIT TO TDA,5064,D
1000332,1000140,069542,2007-08-31,671157.29,REVERSE ACCIDENT INSURANCE ACCRUAL,2261,D
1000333,1000220,730256,2007-10-18,446835.02,INT XFER TO 3RD PARTY (DEBIT) - NORMAL,5194,C
